Workbook

Sheet ЦТО
C1: класс | D1: Дата | E1: Задание 1 | M1: Задание 2 | W1: Задание 3 | AL1: ОБРАБОТКА ДЛЯ ВК | AT1: ОБРАБОТКА ДЛЯ СО и самооценки | BB1: ОБРАБОТКА ДЛЯ СО разница
E2: 1 | F2: 2 | G2: 3 | H2: 4 | I2: 5 | J2: 6 | K2: 7 | L2: 8 | M2: Счастье | N2: Горе | O2: Справедливость | P2: Обида | Q2: Дружба | R2: Ссора | S2: Доброта | T2: Злоба | U2: Скука | V2: Восхищение | W2: Душа | X2: Школа | Y2: Чтение | Z2: Математика | AA2: Русский яз | AB2: Английский яз | AC2: Исследование | AD2: Педагог | AE2: Одноклассники | AF2: Дом | AG2: Уроки | AH2: Свое | AI2: Наставник | AJ2: Одноклассники | AK2: Домашнее задание | AL2: место синего | AM2: место красного | AN2: место желтого | AO2: место коричневого | AP2: место зеленого | AQ2: место фиолетового | AR2: место серого | AS2: место черного | AT2: красный | AU2: желтый | AV2: зеленый | AW2: фиолетовый | AX2: синий | AY2: коричневый | AZ2: серый | BA2: черный | BB2: красный | BC2: желтый | BD2: зеленый | BE2: фиолетовый | BF2: синий | BG2: коричневый | BH2: серый | BI2: черный
A3: 1 | B3: А | C3: 2 а | AL3: =IF($BK$3=E3,1,IF($BK$3=F3,2,IF($BK$3=G3,3,IF($BK$3=H3,4,IF($BK$3=I3,5,IF($BK$3=J3,6,IF($BK$3=K3,7,IF($BK$3=L3,8,"")))))))) | AM3: =IF($BK$4=E3,1,IF($BK$4=F3,2,IF($BK$4=G3,3,IF($BK$4=H3,4,IF($BK$4=I3,5,IF($BK$4=J3,6,IF($BK$4=K3,7,IF($BK$4=L3,8,"")))))))) | AN3: =IF($BK$5=E3,1, IF($BK$5=F3,2, IF($BK$5=G3,3,IF($BK$5=H3,4, IF($BK$5=I3,5, IF($BK$5=J3,6, IF($BK$5=K3,7, IF($BK$5=L3,8,"")))))))) | AO3: =IF($BK$9=E3,1, IF($BK$9=F3,2, IF($BK$9=G3,3,IF($BK$9=H3,4, IF($BK$9=I3,5, IF($BK$9=J3,6, IF($BK$9=K3,7,IF($BK$9=L3,8,"")))))))) | AP3: =IF($BK$6=E3,1,IF($BK$6=F3,2,IF($BK$6=G3,3,IF($BK$6=H3,4,IF($BK$6=I3,5,IF($BK$6=J3,6,IF($BK$6=K3,7,IF($BK$6=L3,8,"")))))))) | AQ3: =IF($BK$7=E3,1,IF($BK$7=F3,2,IF($BK$7=G3,3,IF($BK$7=H3,4,IF($BK$7=I3,5,IF($BK$7=J3,6,IF($BK$7=K3,7,IF($BK$7=L3,8,"")))))))) | AR3: =IF($BK$8=E3,1, IF($BK$8=F3,2, IF($BK$8=G3,3,IF($BK$8=H3,4, IF($BK$8=I3,5, IF($BK$8=J3,6, IF($BK$8=K3,7,IF($BK$8=L3,8,"")))))))) | AS3: =IF($BK$10=E3,1, IF($BK$10=F3,2, IF($BK$10=G3,3,IF($BK$10=H3,4, IF($BK$10=I3,5, IF($BK$10=J3,6, IF($BK$10=K3,7, IF($BK$10=L3,8,"")))))))) | AT3: =IF(AM3="","",AM3) | AU3: =IF(AN3="","",AN3) | AV3: =IF(AP3="","",AP3) | AW3: =IF(AQ3="","",AQ3) | AX3: =IF(AL3="","",AL3) | AY3: =IF(AO3="","",AO3) | AZ3: =IF(AR3="","",AR3) | BA3: =IF(AS3="","",AS3) | BB3: =IF(AT3="","",ABS(AT3-1)) | BC3: =IF(AU3="","",ABS(AU3-2)) | BD3: =IF(AV3="","",ABS(AV3-3)) | BE3: =IF(AW3="","",ABS(AW3-4)) | BF3: =IF(AX3="","",ABS(AX3-5)) | BG3: =IF(AY3="","",ABS(AY3-6)) | BH3: =IF(AZ3="","",ABS(AZ3-7)) | BI3: =IF(L3="","",ABS(BA3-8)) | BJ3: 1 | BK3: синий | BL3: 1 | BM3: 5
A4: 2 | B4: Б | C4: 2 а | E4: фиолетовый | F4: синий | G4: красный | H4: черный | I4: зеленый | J4: желтый | K4: серый | L4: коричневый | M4: желтый | N4: синий | O4: зеленый | P4: черный | Q4: фиолетовый | R4: серый | S4: желтый | T4: коричневый | U4: серый | V4: красный | X4: серый | Y4: красный | Z4: синий | AA4: черный | AB4: коричневый | AC4: фиолетовый | AD4: красный | AE4: зеленый | AF4: красный | AG4: черный | AH4: черный | AL4: =IF($BK$3=E4,1,IF($BK$3=F4,2,IF($BK$3=G4,3,IF($BK$3=H4,4,IF($BK$3=I4,5,IF($BK$3=J4,6,IF($BK$3=K4,7,IF($BK$3=L4,8,"")))))))) -> 2 | AM4: =IF($BK$4=E4,1,IF($BK$4=F4,2,IF($BK$4=G4,3,IF($BK$4=H4,4,IF($BK$4=I4,5,IF($BK$4=J4,6,IF($BK$4=K4,7,IF($BK$4=L4,8,"")))))))) -> 3 | AN4: =IF($BK$5=E4,1, IF($BK$5=F4,2, IF($BK$5=G4,3,IF($BK$5=H4,4, IF($BK$5=I4,5, IF($BK$5=J4,6, IF($BK$5=K4,7, IF($BK$5=L4,8,"")))))))) -> 6 | AO4: =IF($BK$9=E4,1, IF($BK$9=F4,2, IF($BK$9=G4,3,IF($BK$9=H4,4, IF($BK$9=I4,5, IF($BK$9=J4,6, IF($BK$9=K4,7,IF($BK$9=L4,8,"")))))))) -> 8 | AP4: =IF($BK$6=E4,1,IF($BK$6=F4,2,IF($BK$6=G4,3,IF($BK$6=H4,4,IF($BK$6=I4,5,IF($BK$6=J4,6,IF($BK$6=K4,7,IF($BK$6=L4,8,"")))))))) -> 5 | AQ4: =IF($BK$7=E4,1,IF($BK$7=F4,2,IF($BK$7=G4,3,IF($BK$7=H4,4,IF($BK$7=I4,5,IF($BK$7=J4,6,IF($BK$7=K4,7,IF($BK$7=L4,8,"")))))))) -> 1 | AR4: =IF($BK$8=E4,1, IF($BK$8=F4,2, IF($BK$8=G4,3,IF($BK$8=H4,4, IF($BK$8=I4,5, IF($BK$8=J4,6, IF($BK$8=K4,7,IF($BK$8=L4,8,"")))))))) -> 7 | AS4: =IF($BK$10=E4,1, IF($BK$10=F4,2, IF($BK$10=G4,3,IF($BK$10=H4,4, IF($BK$10=I4,5, IF($BK$10=J4,6, IF($BK$10=K4,7, IF($BK$10=L4,8,"")))))))) -> 4 | AT4: =IF(AM4="","",AM4) -> 3 | AU4: =IF(AN4="","",AN4) -> 6 | AV4: =IF(AP4="","",AP4) -> 5 | AW4: =IF(AQ4="","",AQ4) -> 1 | AX4: =IF(AL4="","",AL4) -> 2 | AY4: =IF(AO4="","",AO4) -> 8 | AZ4: =IF(AR4="","",AR4) -> 7 | BA4: =IF(AS4="","",AS4) -> 4 | BB4: =IF(AT4="","",ABS(AT4-1)) -> 2 | BC4: =IF(AU4="","",ABS(AU4-2)) -> 4 | BD4: =IF(AV4="","",ABS(AV4-3)) -> 2 | BE4: =IF(AW4="","",ABS(AW4-4)) -> 3 | BF4: =IF(AX4="","",ABS(AX4-5)) -> 3 | BG4: =IF(AY4="","",ABS(AY4-6)) -> 2 | BH4: =IF(AZ4="","",ABS(AZ4-7)) -> 0 | BI4: =IF(L4="","",ABS(BA4-8)) -> 4 | BJ4: 3 | BK4: красный | BL4: 2 | BM4: 1
A5: 3 | B5: В | C5: 2 а | E5: фиолетовый | F5: синий | G5: зеленый | H5: черный | I5: серый | J5: желтый | K5: красный | L5: коричневый | M5: желтый | N5: синий | O5: зеленый | P5: черный | Q5: фиолетовый | R5: серый | S5: желтый | T5: коричневый | U5: серый | V5: красный | X5: серый | Y5: желтый | Z5: синий | AA5: черный | AB5: черный | AC5: фиолетовый | AD5: красный | AE5: фиолетовый | AF5: желтый | AG5: черный | AH5: зеленый | AL5: =IF($BK$3=E5,1,IF($BK$3=F5,2,IF($BK$3=G5,3,IF($BK$3=H5,4,IF($BK$3=I5,5,IF($BK$3=J5,6,IF($BK$3=K5,7,IF($BK$3=L5,8,"")))))))) -> 2 | AM5: =IF($BK$4=E5,1,IF($BK$4=F5,2,IF($BK$4=G5,3,IF($BK$4=H5,4,IF($BK$4=I5,5,IF($BK$4=J5,6,IF($BK$4=K5,7,IF($BK$4=L5,8,"")))))))) -> 7 | AN5: =IF($BK$5=E5,1, IF($BK$5=F5,2, IF($BK$5=G5,3,IF($BK$5=H5,4, IF($BK$5=I5,5, IF($BK$5=J5,6, IF($BK$5=K5,7, IF($BK$5=L5,8,"")))))))) -> 6 | AO5: =IF($BK$9=E5,1, IF($BK$9=F5,2, IF($BK$9=G5,3,IF($BK$9=H5,4, IF($BK$9=I5,5, IF($BK$9=J5,6, IF($BK$9=K5,7,IF($BK$9=L5,8,"")))))))) -> 8 | AP5: =IF($BK$6=E5,1,IF($BK$6=F5,2,IF($BK$6=G5,3,IF($BK$6=H5,4,IF($BK$6=I5,5,IF($BK$6=J5,6,IF($BK$6=K5,7,IF($BK$6=L5,8,"")))))))) -> 3 | AQ5: =IF($BK$7=E5,1,IF($BK$7=F5,2,IF($BK$7=G5,3,IF($BK$7=H5,4,IF($BK$7=I5,5,IF($BK$7=J5,6,IF($BK$7=K5,7,IF($BK$7=L5,8,"")))))))) -> 1 | AR5: =IF($BK$8=E5,1, IF($BK$8=F5,2, IF($BK$8=G5,3,IF($BK$8=H5,4, IF($BK$8=I5,5, IF($BK$8=J5,6, IF($BK$8=K5,7,IF($BK$8=L5,8,"")))))))) -> 5 | AS5: =IF($BK$10=E5,1, IF($BK$10=F5,2, IF($BK$10=G5,3,IF($BK$10=H5,4, IF($BK$10=I5,5, IF($BK$10=J5,6, IF($BK$10=K5,7, IF($BK$10=L5,8,"")))))))) -> 4 | AT5: =IF(AM5="","",AM5) -> 7 | AU5: =IF(AN5="","",AN5) -> 6 | AV5: =IF(AP5="","",AP5) -> 3 | AW5: =IF(AQ5="","",AQ5) -> 1 | AX5: =IF(AL5="","",AL5) -> 2 | AY5: =IF(AO5="","",AO5) -> 8 | AZ5: =IF(AR5="","",AR5) -> 5 | BA5: =IF(AS5="","",AS5) -> 4 | BB5: =IF(AT5="","",ABS(AT5-1)) -> 6 | BC5: =IF(AU5="","",ABS(AU5-2)) -> 4 | BD5: =IF(AV5="","",ABS(AV5-3)) -> 0 | BE5: =IF(AW5="","",ABS(AW5-4)) -> 3 | BF5: =IF(AX5="","",ABS(AX5-5)) -> 3 | BG5: =IF(AY5="","",ABS(AY5-6)) -> 2 | BH5: =IF(AZ5="","",ABS(AZ5-7)) -> 2 | BI5: =IF(L5="","",ABS(BA5-8)) -> 4 | BJ5: 4 | BK5: желтый | BL5: 3 | BM5: 2
A6: 4 | B6: Г | C6: 2 а | E6: красный | F6: черный | G6: желтый | H6: синий | I6: зеленый | J6: серый | K6: коричневый | L6: фиолетовый | M6: желтый | N6: синий | O6: серый | P6: черный | Q6: желтый | R6: коричневый | S6: желтый | T6: красный | U6: фиолетовый | V6: желтый | X6: черный | Y6: черный | Z6: черный | AA6: черный | AB6: черный | AC6: черный | AD6: черный | AE6: желтый | AF6: желтый | AG6: черный | AH6: желтый | AL6: =IF($BK$3=E6,1,IF($BK$3=F6,2,IF($BK$3=G6,3,IF($BK$3=H6,4,IF($BK$3=I6,5,IF($BK$3=J6,6,IF($BK$3=K6,7,IF($BK$3=L6,8,"")))))))) -> 4 | AM6: =IF($BK$4=E6,1,IF($BK$4=F6,2,IF($BK$4=G6,3,IF($BK$4=H6,4,IF($BK$4=I6,5,IF($BK$4=J6,6,IF($BK$4=K6,7,IF($BK$4=L6,8,"")))))))) -> 1 | AN6: =IF($BK$5=E6,1, IF($BK$5=F6,2, IF($BK$5=G6,3,IF($BK$5=H6,4, IF($BK$5=I6,5, IF($BK$5=J6,6, IF($BK$5=K6,7, IF($BK$5=L6,8,"")))))))) -> 3 | AO6: =IF($BK$9=E6,1, IF($BK$9=F6,2, IF($BK$9=G6,3,IF($BK$9=H6,4, IF($BK$9=I6,5, IF($BK$9=J6,6, IF($BK$9=K6,7,IF($BK$9=L6,8,"")))))))) -> 7 | AP6: =IF($BK$6=E6,1,IF($BK$6=F6,2,IF($BK$6=G6,3,IF($BK$6=H6,4,IF($BK$6=I6,5,IF($BK$6=J6,6,IF($BK$6=K6,7,IF($BK$6=L6,8,"")))))))) -> 5 | AQ6: =IF($BK$7=E6,1,IF($BK$7=F6,2,IF($BK$7=G6,3,IF($BK$7=H6,4,IF($BK$7=I6,5,IF($BK$7=J6,6,IF($BK$7=K6,7,IF($BK$7=L6,8,"")))))))) -> 8 | AR6: =IF($BK$8=E6,1, IF($BK$8=F6,2, IF($BK$8=G6,3,IF($BK$8=H6,4, IF($BK$8=I6,5, IF($BK$8=J6,6, IF($BK$8=K6,7,IF($BK$8=L6,8,"")))))))) -> 6 | AS6: =IF($BK$10=E6,1, IF($BK$10=F6,2, IF($BK$10=G6,3,IF($BK$10=H6,4, IF($BK$10=I6,5, IF($BK$10=J6,6, IF($BK$10=K6,7, IF($BK$10=L6,8,"")))))))) -> 2 | AT6: =IF(AM6="","",AM6) -> 1 | AU6: =IF(AN6="","",AN6) -> 3 | AV6: =IF(AP6="","",AP6) -> 5 | AW6: =IF(AQ6="","",AQ6) -> 8 | AX6: =IF(AL6="","",AL6) -> 4 | AY6: =IF(AO6="","",AO6) -> 7 | AZ6: =IF(AR6="","",AR6) -> 6 | BA6: =IF(AS6="","",AS6) -> 2 | BB6: =IF(AT6="","",ABS(AT6-1)) -> 0 | BC6: =IF(AU6="","",ABS(AU6-2)) -> 1 | BD6: =IF(AV6="","",ABS(AV6-3)) -> 2 | BE6: =IF(AW6="","",ABS(AW6-4)) -> 4 | BF6: =IF(AX6="","",ABS(AX6-5)) -> 1 | BG6: =IF(AY6="","",ABS(AY6-6)) -> 1 | BH6: =IF(AZ6="","",ABS(AZ6-7)) -> 1 | BI6: =IF(L6="","",ABS(BA6-8)) -> 6 | BJ6: 2 | BK6: зеленый | BL6: 4 | BM6: 3
A7: 5 | B7: Д | C7: 2 а | E7: красный | F7: черный | G7: зеленый | H7: желтый | I7: серый | J7: коричневый | K7: фиолетовый | L7: синий | M7: красный | N7: синий | O7: серый | P7: черный | Q7: красный | R7: черный | S7: красный | T7: серый | U7: фиолетовый | V7: желтый | X7: фиолетовый | Y7: желтый | Z7: синий | AA7: красный | AB7: зеленый | AC7: серый | AD7: желтый | AE7: желтый | AF7: желтый | AG7: фиолетовый | AL7: =IF($BK$3=E7,1,IF($BK$3=F7,2,IF($BK$3=G7,3,IF($BK$3=H7,4,IF($BK$3=I7,5,IF($BK$3=J7,6,IF($BK$3=K7,7,IF($BK$3=L7,8,"")))))))) -> 8 | AM7: =IF($BK$4=E7,1,IF($BK$4=F7,2,IF($BK$4=G7,3,IF($BK$4=H7,4,IF($BK$4=I7,5,IF($BK$4=J7,6,IF($BK$4=K7,7,IF($BK$4=L7,8,"")))))))) -> 1 | AN7: =IF($BK$5=E7,1, IF($BK$5=F7,2, IF($BK$5=G7,3,IF($BK$5=H7,4, IF($BK$5=I7,5, IF($BK$5=J7,6, IF($BK$5=K7,7, IF($BK$5=L7,8,"")))))))) -> 4 | AO7: =IF($BK$9=E7,1, IF($BK$9=F7,2, IF($BK$9=G7,3,IF($BK$9=H7,4, IF($BK$9=I7,5, IF($BK$9=J7,6, IF($BK$9=K7,7,IF($BK$9=L7,8,"")))))))) -> 6 | AP7: =IF($BK$6=E7,1,IF($BK$6=F7,2,IF($BK$6=G7,3,IF($BK$6=H7,4,IF($BK$6=I7,5,IF($BK$6=J7,6,IF($BK$6=K7,7,IF($BK$6=L7,8,"")))))))) -> 3 | AQ7: =IF($BK$7=E7,1,IF($BK$7=F7,2,IF($BK$7=G7,3,IF($BK$7=H7,4,IF($BK$7=I7,5,IF($BK$7=J7,6,IF($BK$7=K7,7,IF($BK$7=L7,8,"")))))))) -> 7 | AR7: =IF($BK$8=E7,1, IF($BK$8=F7,2, IF($BK$8=G7,3,IF($BK$8=H7,4, IF($BK$8=I7,5, IF($BK$8=J7,6, IF($BK$8=K7,7,IF($BK$8=L7,8,"")))))))) -> 5 | AS7: =IF($BK$10=E7,1, IF($BK$10=F7,2, IF($BK$10=G7,3,IF($BK$10=H7,4, IF($BK$10=I7,5, IF($BK$10=J7,6, IF($BK$10=K7,7, IF($BK$10=L7,8,"")))))))) -> 2 | AT7: =IF(AM7="","",AM7) -> 1 | AU7: =IF(AN7="","",AN7) -> 4 | AV7: =IF(AP7="","",AP7) -> 3 | AW7: =IF(AQ7="","",AQ7) -> 7 | AX7: =IF(AL7="","",AL7) -> 8 | AY7: =IF(AO7="","",AO7) -> 6 | AZ7: =IF(AR7="","",AR7) -> 5 | BA7: =IF(AS7="","",AS7) -> 2 | BB7: =IF(AT7="","",ABS(AT7-1)) -> 0 | BC7: =IF(AU7="","",ABS(AU7-2)) -> 2 | BD7: =IF(AV7="","",ABS(AV7-3)) -> 0 | BE7: =IF(AW7="","",ABS(AW7-4)) -> 3 | BF7: =IF(AX7="","",ABS(AX7-5)) -> 3 | BG7: =IF(AY7="","",ABS(AY7-6)) -> 0 | BH7: =IF(AZ7="","",ABS(AZ7-7)) -> 2 | BI7: =IF(L7="","",ABS(BA7-8)) -> 6 | BJ7: 5 | BK7: фиолетовый | BL7: 5 | BM7: 4
A8: 6 | B8: Е | C8: 2 а | AL8: =IF($BK$3=E8,1,IF($BK$3=F8,2,IF($BK$3=G8,3,IF($BK$3=H8,4,IF($BK$3=I8,5,IF($BK$3=J8,6,IF($BK$3=K8,7,IF($BK$3=L8,8,"")))))))) | AM8: =IF($BK$4=E8,1,IF($BK$4=F8,2,IF($BK$4=G8,3,IF($BK$4=H8,4,IF($BK$4=I8,5,IF($BK$4=J8,6,IF($BK$4=K8,7,IF($BK$4=L8,8,"")))))))) | AN8: =IF($BK$5=E8,1, IF($BK$5=F8,2, IF($BK$5=G8,3,IF($BK$5=H8,4, IF($BK$5=I8,5, IF($BK$5=J8,6, IF($BK$5=K8,7, IF($BK$5=L8,8,"")))))))) | AO8: =IF($BK$9=E8,1, IF($BK$9=F8,2, IF($BK$9=G8,3,IF($BK$9=H8,4, IF($BK$9=I8,5, IF($BK$9=J8,6, IF($BK$9=K8,7,IF($BK$9=L8,8,"")))))))) | AP8: =IF($BK$6=E8,1,IF($BK$6=F8,2,IF($BK$6=G8,3,IF($BK$6=H8,4,IF($BK$6=I8,5,IF($BK$6=J8,6,IF($BK$6=K8,7,IF($BK$6=L8,8,"")))))))) | AQ8: =IF($BK$7=E8,1,IF($BK$7=F8,2,IF($BK$7=G8,3,IF($BK$7=H8,4,IF($BK$7=I8,5,IF($BK$7=J8,6,IF($BK$7=K8,7,IF($BK$7=L8,8,"")))))))) | AR8: =IF($BK$8=E8,1, IF($BK$8=F8,2, IF($BK$8=G8,3,IF($BK$8=H8,4, IF($BK$8=I8,5, IF($BK$8=J8,6, IF($BK$8=K8,7,IF($BK$8=L8,8,"")))))))) | AS8: =IF($BK$10=E8,1, IF($BK$10=F8,2, IF($BK$10=G8,3,IF($BK$10=H8,4, IF($BK$10=I8,5, IF($BK$10=J8,6, IF($BK$10=K8,7, IF($BK$10=L8,8,"")))))))) | AT8: =IF(AM8="","",AM8) | AU8: =IF(AN8="","",AN8) | AV8: =IF(AP8="","",AP8) | AW8: =IF(AQ8="","",AQ8) | AX8: =IF(AL8="","",AL8) | AY8: =IF(AO8="","",AO8) | AZ8: =IF(AR8="","",AR8) | BA8: =IF(AS8="","",AS8) | BB8: =IF(AT8="","",ABS(AT8-1)) | BC8: =IF(AU8="","",ABS(AU8-2)) | BD8: =IF(AV8="","",ABS(AV8-3)) | BE8: =IF(AW8="","",ABS(AW8-4)) | BF8: =IF(AX8="","",ABS(AX8-5)) | BG8: =IF(AY8="","",ABS(AY8-6)) | BH8: =IF(AZ8="","",ABS(AZ8-7)) | BI8: =IF(L8="","",ABS(BA8-8)) | BJ8: 0 | BK8: серый | BL8: 6 | BM8: 7
A9: 7 | B9: Ж | C9: 2 а | E9: фиолетовый | F9: синий | G9: желтый | H9: красный | I9: черный | J9: зеленый | K9: серый | L9: коричневый | M9: фиолетовый | N9: синий | O9: зеленый | P9: коричневый | Q9: желтый | R9: черный | S9: синий | T9: красный | U9: коричневый | V9: фиолетовый | X9: фиолетовый | Y9: зеленый | Z9: синий | AA9: синий | AB9: синий | AC9: желтый | AD9: желтый | AE9: желтый | AF9: фиолетовый | AG9: коричневый | AH9: желтый | AL9: =IF($BK$3=E9,1,IF($BK$3=F9,2,IF($BK$3=G9,3,IF($BK$3=H9,4,IF($BK$3=I9,5,IF($BK$3=J9,6,IF($BK$3=K9,7,IF($BK$3=L9,8,"")))))))) -> 2 | AM9: =IF($BK$4=E9,1,IF($BK$4=F9,2,IF($BK$4=G9,3,IF($BK$4=H9,4,IF($BK$4=I9,5,IF($BK$4=J9,6,IF($BK$4=K9,7,IF($BK$4=L9,8,"")))))))) -> 4 | AN9: =IF($BK$5=E9,1, IF($BK$5=F9,2, IF($BK$5=G9,3,IF($BK$5=H9,4, IF($BK$5=I9,5, IF($BK$5=J9,6, IF($BK$5=K9,7, IF($BK$5=L9,8,"")))))))) -> 3 | AO9: =IF($BK$9=E9,1, IF($BK$9=F9,2, IF($BK$9=G9,3,IF($BK$9=H9,4, IF($BK$9=I9,5, IF($BK$9=J9,6, IF($BK$9=K9,7,IF($BK$9=L9,8,"")))))))) -> 8 | AP9: =IF($BK$6=E9,1,IF($BK$6=F9,2,IF($BK$6=G9,3,IF($BK$6=H9,4,IF($BK$6=I9,5,IF($BK$6=J9,6,IF($BK$6=K9,7,IF($BK$6=L9,8,"")))))))) -> 6 | AQ9: =IF($BK$7=E9,1,IF($BK$7=F9,2,IF($BK$7=G9,3,IF($BK$7=H9,4,IF($BK$7=I9,5,IF($BK$7=J9,6,IF($BK$7=K9,7,IF($BK$7=L9,8,"")))))))) -> 1 | AR9: =IF($BK$8=E9,1, IF($BK$8=F9,2, IF($BK$8=G9,3,IF($BK$8=H9,4, IF($BK$8=I9,5, IF($BK$8=J9,6, IF($BK$8=K9,7,IF($BK$8=L9,8,"")))))))) -> 7 | AS9: =IF($BK$10=E9,1, IF($BK$10=F9,2, IF($BK$10=G9,3,IF($BK$10=H9,4, IF($BK$10=I9,5, IF($BK$10=J9,6, IF($BK$10=K9,7, IF($BK$10=L9,8,"")))))))) -> 5 | AT9: =IF(AM9="","",AM9) -> 4 | AU9: =IF(AN9="","",AN9) -> 3 | AV9: =IF(AP9="","",AP9) -> 6 | AW9: =IF(AQ9="","",AQ9) -> 1 | AX9: =IF(AL9="","",AL9) -> 2 | AY9: =IF(AO9="","",AO9) -> 8 | AZ9: =IF(AR9="","",AR9) -> 7 | BA9: =IF(AS9="","",AS9) -> 5 | BB9: =IF(AT9="","",ABS(AT9-1)) -> 3 | BC9: =IF(AU9="","",ABS(AU9-2)) -> 1 | BD9: =IF(AV9="","",ABS(AV9-3)) -> 3 | BE9: =IF(AW9="","",ABS(AW9-4)) -> 3 | BF9: =IF(AX9="","",ABS(AX9-5)) -> 3 | BG9: =IF(AY9="","",ABS(AY9-6)) -> 2 | BH9: =IF(AZ9="","",ABS(AZ9-7)) -> 0 | BI9: =IF(L9="","",ABS(BA9-8)) -> 3 | BJ9: 6 | BK9: коричневый | BL9: 7 | BM9: 6
A10: 8 | B10: З | C10: 2 а | E10: синий | F10: коричневый | G10: желтый | H10: фиолетовый | I10: черный | J10: красный | K10: серый | L10: зеленый | M10: синий | N10: коричневый | O10: серый | P10: желтый | Q10: синий | R10: зеленый | S10: красный | T10: коричневый | U10: фиолетовый | V10: красный | X10: синий | Y10: желтый | Z10: красный | AA10: синий | AB10: черный | AC10: синий | AD10: синий | AE10: желтый | AF10: красный | AG10: синий | AH10: синий | AL10: =IF($BK$3=E10,1,IF($BK$3=F10,2,IF($BK$3=G10,3,IF($BK$3=H10,4,IF($BK$3=I10,5,IF($BK$3=J10,6,IF($BK$3=K10,7,IF($BK$3=L10,8,"")))))))) -> 1 | AM10: =IF($BK$4=E10,1,IF($BK$4=F10,2,IF($BK$4=G10,3,IF($BK$4=H10,4,IF($BK$4=I10,5,IF($BK$4=J10,6,IF($BK$4=K10,7,IF($BK$4=L10,8,"")))))))) -> 6 | AN10: =IF($BK$5=E10,1, IF($BK$5=F10,2, IF($BK$5=G10,3,IF($BK$5=H10,4, IF($BK$5=I10,5, IF($BK$5=J10,6, IF($BK$5=K10,7, IF($BK$5=L10,8,"")))))))) -> 3 | AO10: =IF($BK$9=E10,1, IF($BK$9=F10,2, IF($BK$9=G10,3,IF($BK$9=H10,4, IF($BK$9=I10,5, IF($BK$9=J10,6, IF($BK$9=K10,7,IF($BK$9=L10,8,"")))))))) -> 2 | AP10: =IF($BK$6=E10,1,IF($BK$6=F10,2,IF($BK$6=G10,3,IF($BK$6=H10,4,IF($BK$6=I10,5,IF($BK$6=J10,6,IF($BK$6=K10,7,IF($BK$6=L10,8,"")))))))) -> 8 | AQ10: =IF($BK$7=E10,1,IF($BK$7=F10,2,IF($BK$7=G10,3,IF($BK$7=H10,4,IF($BK$7=I10,5,IF($BK$7=J10,6,IF($BK$7=K10,7,IF($BK$7=L10,8,"")))))))) -> 4 | AR10: =IF($BK$8=E10,1, IF($BK$8=F10,2, IF($BK$8=G10,3,IF($BK$8=H10,4, IF($BK$8=I10,5, IF($BK$8=J10,6, IF($BK$8=K10,7,IF($BK$8=L10,8,"")))))))) -> 7 | AS10: =IF($BK$10=E10,1, IF($BK$10=F10,2, IF($BK$10=G10,3,IF($BK$10=H10,4, IF($BK$10=I10,5, IF($BK$10=J10,6, IF($BK$10=K10,7, IF($BK$10=L10,8,"")))))))) -> 5 | AT10: =IF(AM10="","",AM10) -> 6 | AU10: =IF(AN10="","",AN10) -> 3 | AV10: =IF(AP10="","",AP10) -> 8 | AW10: =IF(AQ10="","",AQ10) -> 4 | AX10: =IF(AL10="","",AL10) -> 1 | AY10: =IF(AO10="","",AO10) -> 2 | AZ10: =IF(AR10="","",AR10) -> 7 | BA10: =IF(AS10="","",AS10) -> 5 | BB10: =IF(AT10="","",ABS(AT10-1)) -> 5 | BC10: =IF(AU10="","",ABS(AU10-2)) -> 1 | BD10: =IF(AV10="","",ABS(AV10-3)) -> 5 | BE10: =IF(AW10="","",ABS(AW10-4)) -> 0 | BF10: =IF(AX10="","",ABS(AX10-5)) -> 4 | BG10: =IF(AY10="","",ABS(AY10-6)) -> 4 | BH10: =IF(AZ10="","",ABS(AZ10-7)) -> 0 | BI10: =IF(L10="","",ABS(BA10-8)) -> 3 | BJ10: 7 | BK10: черный | BL10: 8 | BM10: 8
A11: 9 | B11: И | C11: 2 а | E11: синий | F11: зеленый | G11: красный | H11: желтый | I11: коричневый | J11: серый | K11: черный | L11: фиолетовый | M11: желтый | N11: синий | O11: зеленый | P11: черный | Q11: желтый | R11: красный | S11: зеленый | T11: красный | U11: черный | V11: желтый | X11: зеленый | Y11: желтый | Z11: зеленый | AA11: зеленый | AB11: зеленый | AC11: желтый | AD11: желтый | AE11: зеленый | AF11: желтый | AG11: зеленый | AL11: =IF($BK$3=E11,1,IF($BK$3=F11,2,IF($BK$3=G11,3,IF($BK$3=H11,4,IF($BK$3=I11,5,IF($BK$3=J11,6,IF($BK$3=K11,7,IF($BK$3=L11,8,"")))))))) -> 1 | AM11: =IF($BK$4=E11,1,IF($BK$4=F11,2,IF($BK$4=G11,3,IF($BK$4=H11,4,IF($BK$4=I11,5,IF($BK$4=J11,6,IF($BK$4=K11,7,IF($BK$4=L11,8,"")))))))) -> 3 | AN11: =IF($BK$5=E11,1, IF($BK$5=F11,2, IF($BK$5=G11,3,IF($BK$5=H11,4, IF($BK$5=I11,5, IF($BK$5=J11,6, IF($BK$5=K11,7, IF($BK$5=L11,8,"")))))))) -> 4 | AO11: =IF($BK$9=E11,1, IF($BK$9=F11,2, IF($BK$9=G11,3,IF($BK$9=H11,4, IF($BK$9=I11,5, IF($BK$9=J11,6, IF($BK$9=K11,7,IF($BK$9=L11,8,"")))))))) -> 5 | AP11: =IF($BK$6=E11,1,IF($BK$6=F11,2,IF($BK$6=G11,3,IF($BK$6=H11,4,IF($BK$6=I11,5,IF($BK$6=J11,6,IF($BK$6=K11,7,IF($BK$6=L11,8,"")))))))) -> 2 | AQ11: =IF($BK$7=E11,1,IF($BK$7=F11,2,IF($BK$7=G11,3,IF($BK$7=H11,4,IF($BK$7=I11,5,IF($BK$7=J11,6,IF($BK$7=K11,7,IF($BK$7=L11,8,"")))))))) -> 8 | AR11: =IF($BK$8=E11,1, IF($BK$8=F11,2, IF($BK$8=G11,3,IF($BK$8=H11,4, IF($BK$8=I11,5, IF($BK$8=J11,6, IF($BK$8=K11,7,IF($BK$8=L11,8,"")))))))) -> 6 | AS11: =IF($BK$10=E11,1, IF($BK$10=F11,2, IF($BK$10=G11,3,IF($BK$10=H11,4, IF($BK$10=I11,5, IF($BK$10=J11,6, IF($BK$10=K11,7, IF($BK$10=L11,8,"")))))))) -> 7 | AT11: =IF(AM11="","",AM11) -> 3 | AU11: =IF(AN11="","",AN11) -> 4 | AV11: =IF(AP11="","",AP11) -> 2 | AW11: =IF(AQ11="","",AQ11) -> 8 | AX11: =IF(AL11="","",AL11) -> 1 | AY11: =IF(AO11="","",AO11) -> 5 | AZ11: =IF(AR11="","",AR11) -> 6 | BA11: =IF(AS11="","",AS11) -> 7 | BB11: =IF(AT11="","",ABS(AT11-1)) -> 2 | BC11: =IF(AU11="","",ABS(AU11-2)) -> 2 | BD11: =IF(AV11="","",ABS(AV11-3)) -> 1 | BE11: =IF(AW11="","",ABS(AW11-4)) -> 4 | BF11: =IF(AX11="","",ABS(AX11-5)) -> 4 | BG11: =IF(AY11="","",ABS(AY11-6)) -> 1 | BH11: =IF(AZ11="","",ABS(AZ11-7)) -> 1 | BI11: =IF(L11="","",ABS(BA11-8)) -> 1
A12: 10 | B12: К | C12: 2 а | E12: синий | F12: желтый | G12: фиолетовый | H12: черный | I12: зеленый | J12: красный | K12: коричневый | L12: серый | M12: желтый | N12: коричневый | O12: красный | P12: серый | Q12: синий | R12: серый | S12: фиолетовый | T12: серый | U12: зеленый | V12: черный | X12: серый | Y12: зеленый | Z12: фиолетовый | AA12: черный | AB12: красный | AC12: синий | AD12: желтый | AE12: синий | AF12: желтый | AG12: черный | AH12: черный | AL12: =IF($BK$3=E12,1,IF($BK$3=F12,2,IF($BK$3=G12,3,IF($BK$3=H12,4,IF($BK$3=I12,5,IF($BK$3=J12,6,IF($BK$3=K12,7,IF($BK$3=L12,8,"")))))))) -> 1 | AM12: =IF($BK$4=E12,1,IF($BK$4=F12,2,IF($BK$4=G12,3,IF($BK$4=H12,4,IF($BK$4=I12,5,IF($BK$4=J12,6,IF($BK$4=K12,7,IF($BK$4=L12,8,"")))))))) -> 6 | AN12: =IF($BK$5=E12,1, IF($BK$5=F12,2, IF($BK$5=G12,3,IF($BK$5=H12,4, IF($BK$5=I12,5, IF($BK$5=J12,6, IF($BK$5=K12,7, IF($BK$5=L12,8,"")))))))) -> 2 | AO12: =IF($BK$9=E12,1, IF($BK$9=F12,2, IF($BK$9=G12,3,IF($BK$9=H12,4, IF($BK$9=I12,5, IF($BK$9=J12,6, IF($BK$9=K12,7,IF($BK$9=L12,8,"")))))))) -> 7 | AP12: =IF($BK$6=E12,1,IF($BK$6=F12,2,IF($BK$6=G12,3,IF($BK$6=H12,4,IF($BK$6=I12,5,IF($BK$6=J12,6,IF($BK$6=K12,7,IF($BK$6=L12,8,"")))))))) -> 5 | AQ12: =IF($BK$7=E12,1,IF($BK$7=F12,2,IF($BK$7=G12,3,IF($BK$7=H12,4,IF($BK$7=I12,5,IF($BK$7=J12,6,IF($BK$7=K12,7,IF($BK$7=L12,8,"")))))))) -> 3 | AR12: =IF($BK$8=E12,1, IF($BK$8=F12,2, IF($BK$8=G12,3,IF($BK$8=H12,4, IF($BK$8=I12,5, IF($BK$8=J12,6, IF($BK$8=K12,7,IF($BK$8=L12,8,"")))))))) -> 8 | AS12: =IF($BK$10=E12,1, IF($BK$10=F12,2, IF($BK$10=G12,3,IF($BK$10=H12,4, IF($BK$10=I12,5, IF($BK$10=J12,6, IF($BK$10=K12,7, IF($BK$10=L12,8,"")))))))) -> 4 | AT12: =IF(AM12="","",AM12) -> 6 | AU12: =IF(AN12="","",AN12) -> 2 | AV12: =IF(AP12="","",AP12) -> 5 | AW12: =IF(AQ12="","",AQ12) -> 3 | AX12: =IF(AL12="","",AL12) -> 1 | AY12: =IF(AO12="","",AO12) -> 7 | AZ12: =IF(AR12="","",AR12) -> 8 | BA12: =IF(AS12="","",AS12) -> 4 | BB12: =IF(AT12="","",ABS(AT12-1)) -> 5 | BC12: =IF(AU12="","",ABS(AU12-2)) -> 0 | BD12: =IF(AV12="","",ABS(AV12-3)) -> 2 | BE12: =IF(AW12="","",ABS(AW12-4)) -> 1 | BF12: =IF(AX12="","",ABS(AX12-5)) -> 4 | BG12: =IF(AY12="","",ABS(AY12-6)) -> 1 | BH12: =IF(AZ12="","",ABS(AZ12-7)) -> 1 | BI12: =IF(L12="","",ABS(BA12-8)) -> 4
A13: 11 | B13: Л | C13: 2 а | E13: зеленый | F13: фиолетовый | G13: синий | H13: серый | I13: черный | J13: красный | K13: коричневый | L13: желтый | M13: синий | N13: коричневый | O13: фиолетовый | P13: черный | Q13: синий | R13: зеленый | S13: желтый | T13: красный | U13: серый | V13: желтый | X13: коричневый | Y13: желтый | Z13: синий | AA13: красный | AB13: серый | AC13: фиолетовый | AD13: синий | AE13: коричневый | AF13: синий | AG13: красный | AH13: синий | AL13: =IF($BK$3=E13,1,IF($BK$3=F13,2,IF($BK$3=G13,3,IF($BK$3=H13,4,IF($BK$3=I13,5,IF($BK$3=J13,6,IF($BK$3=K13,7,IF($BK$3=L13,8,"")))))))) -> 3 | AM13: =IF($BK$4=E13,1,IF($BK$4=F13,2,IF($BK$4=G13,3,IF($BK$4=H13,4,IF($BK$4=I13,5,IF($BK$4=J13,6,IF($BK$4=K13,7,IF($BK$4=L13,8,"")))))))) -> 6 | AN13: =IF($BK$5=E13,1, IF($BK$5=F13,2, IF($BK$5=G13,3,IF($BK$5=H13,4, IF($BK$5=I13,5, IF($BK$5=J13,6, IF($BK$5=K13,7, IF($BK$5=L13,8,"")))))))) -> 8 | AO13: =IF($BK$9=E13,1, IF($BK$9=F13,2, IF($BK$9=G13,3,IF($BK$9=H13,4, IF($BK$9=I13,5, IF($BK$9=J13,6, IF($BK$9=K13,7,IF($BK$9=L13,8,"")))))))) -> 7 | AP13: =IF($BK$6=E13,1,IF($BK$6=F13,2,IF($BK$6=G13,3,IF($BK$6=H13,4,IF($BK$6=I13,5,IF($BK$6=J13,6,IF($BK$6=K13,7,IF($BK$6=L13,8,"")))))))) -> 1 | AQ13: =IF($BK$7=E13,1,IF($BK$7=F13,2,IF($BK$7=G13,3,IF($BK$7=H13,4,IF($BK$7=I13,5,IF($BK$7=J13,6,IF($BK$7=K13,7,IF($BK$7=L13,8,"")))))))) -> 2 | AR13: =IF($BK$8=E13,1, IF($BK$8=F13,2, IF($BK$8=G13,3,IF($BK$8=H13,4, IF($BK$8=I13,5, IF($BK$8=J13,6, IF($BK$8=K13,7,IF($BK$8=L13,8,"")))))))) -> 4 | AS13: =IF($BK$10=E13,1, IF($BK$10=F13,2, IF($BK$10=G13,3,IF($BK$10=H13,4, IF($BK$10=I13,5, IF($BK$10=J13,6, IF($BK$10=K13,7, IF($BK$10=L13,8,"")))))))) -> 5 | AT13: =IF(AM13="","",AM13) -> 6 | AU13: =IF(AN13="","",AN13) -> 8 | AV13: =IF(AP13="","",AP13) -> 1 | AW13: =IF(AQ13="","",AQ13) -> 2 | AX13: =IF(AL13="","",AL13) -> 3 | AY13: =IF(AO13="","",AO13) -> 7 | AZ13: =IF(AR13="","",AR13) -> 4 | BA13: =IF(AS13="","",AS13) -> 5 | BB13: =IF(AT13="","",ABS(AT13-1)) -> 5 | BC13: =IF(AU13="","",ABS(AU13-2)) -> 6 | BD13: =IF(AV13="","",ABS(AV13-3)) -> 2 | BE13: =IF(AW13="","",ABS(AW13-4)) -> 2 | BF13: =IF(AX13="","",ABS(AX13-5)) -> 2 | BG13: =IF(AY13="","",ABS(AY13-6)) -> 1 | BH13: =IF(AZ13="","",ABS(AZ13-7)) -> 3 | BI13: =IF(L13="","",ABS(BA13-8)) -> 3
A14: 12 | B14: М | C14: 2 а | E14: черный | F14: красный | G14: фиолетовый | H14: серый | I14: желтый | J14: зеленый | K14: синий | L14: коричневый | M14: желтый | N14: синий | O14: черный | P14: серый | Q14: зеленый | R14: фиолетовый | S14: желтый | T14: красный | U14: серый | V14: желтый | X14: черный | Y14: красный | Z14: синий | AA14: фиолетовый | AB14: коричневый | AC14: желтый | AD14: желтый | AE14: желтый | AF14: черный | AG14: черный | AH14: черный | AL14: =IF($BK$3=E14,1,IF($BK$3=F14,2,IF($BK$3=G14,3,IF($BK$3=H14,4,IF($BK$3=I14,5,IF($BK$3=J14,6,IF($BK$3=K14,7,IF($BK$3=L14,8,"")))))))) -> 7 | AM14: =IF($BK$4=E14,1,IF($BK$4=F14,2,IF($BK$4=G14,3,IF($BK$4=H14,4,IF($BK$4=I14,5,IF($BK$4=J14,6,IF($BK$4=K14,7,IF($BK$4=L14,8,"")))))))) -> 2 | AN14: =IF($BK$5=E14,1, IF($BK$5=F14,2, IF($BK$5=G14,3,IF($BK$5=H14,4, IF($BK$5=I14,5, IF($BK$5=J14,6, IF($BK$5=K14,7, IF($BK$5=L14,8,"")))))))) -> 5 | AO14: =IF($BK$9=E14,1, IF($BK$9=F14,2, IF($BK$9=G14,3,IF($BK$9=H14,4, IF($BK$9=I14,5, IF($BK$9=J14,6, IF($BK$9=K14,7,IF($BK$9=L14,8,"")))))))) -> 8 | AP14: =IF($BK$6=E14,1,IF($BK$6=F14,2,IF($BK$6=G14,3,IF($BK$6=H14,4,IF($BK$6=I14,5,IF($BK$6=J14,6,IF($BK$6=K14,7,IF($BK$6=L14,8,"")))))))) -> 6 | AQ14: =IF($BK$7=E14,1,IF($BK$7=F14,2,IF($BK$7=G14,3,IF($BK$7=H14,4,IF($BK$7=I14,5,IF($BK$7=J14,6,IF($BK$7=K14,7,IF($BK$7=L14,8,"")))))))) -> 3 | AR14: =IF($BK$8=E14,1, IF($BK$8=F14,2, IF($BK$8=G14,3,IF($BK$8=H14,4, IF($BK$8=I14,5, IF($BK$8=J14,6, IF($BK$8=K14,7,IF($BK$8=L14,8,"")))))))) -> 4 | AS14: =IF($BK$10=E14,1, IF($BK$10=F14,2, IF($BK$10=G14,3,IF($BK$10=H14,4, IF($BK$10=I14,5, IF($BK$10=J14,6, IF($BK$10=K14,7, IF($BK$10=L14,8,"")))))))) -> 1 | AT14: =IF(AM14="","",AM14) -> 2 | AU14: =IF(AN14="","",AN14) -> 5 | AV14: =IF(AP14="","",AP14) -> 6 | AW14: =IF(AQ14="","",AQ14) -> 3 | AX14: =IF(AL14="","",AL14) -> 7 | AY14: =IF(AO14="","",AO14) -> 8 | AZ14: =IF(AR14="","",AR14) -> 4 | BA14: =IF(AS14="","",AS14) -> 1 | BB14: =IF(AT14="","",ABS(AT14-1)) -> 1 | BC14: =IF(AU14="","",ABS(AU14-2)) -> 3 | BD14: =IF(AV14="","",ABS(AV14-3)) -> 3 | BE14: =IF(AW14="","",ABS(AW14-4)) -> 1 | BF14: =IF(AX14="","",ABS(AX14-5)) -> 2 | BG14: =IF(AY14="","",ABS(AY14-6)) -> 2 | BH14: =IF(AZ14="","",ABS(AZ14-7)) -> 3 | BI14: =IF(L14="","",ABS(BA14-8)) -> 7
A15: 13 | B15: Н | C15: 2 а | E15: синий | F15: фиолетовый | G15: желтый | H15: зеленый | I15: черный | J15: красный | K15: серый | L15: коричневый | M15: желтый | N15: черный | O15: синий | P15: зеленый | Q15: желтый | R15: фиолетовый | S15: красный | T15: красный | U15: черный | V15: синий | X15: черный | Y15: красный | Z15: синий | AA15: желтый | AB15: черный | AC15: красный | AD15: фиолетовый | AE15: синий | AF15: синий | AG15: черный | AH15: фиолетовый | AL15: =IF($BK$3=E15,1,IF($BK$3=F15,2,IF($BK$3=G15,3,IF($BK$3=H15,4,IF($BK$3=I15,5,IF($BK$3=J15,6,IF($BK$3=K15,7,IF($BK$3=L15,8,"")))))))) -> 1 | AM15: =IF($BK$4=E15,1,IF($BK$4=F15,2,IF($BK$4=G15,3,IF($BK$4=H15,4,IF($BK$4=I15,5,IF($BK$4=J15,6,IF($BK$4=K15,7,IF($BK$4=L15,8,"")))))))) -> 6 | AN15: =IF($BK$5=E15,1, IF($BK$5=F15,2, IF($BK$5=G15,3,IF($BK$5=H15,4, IF($BK$5=I15,5, IF($BK$5=J15,6, IF($BK$5=K15,7, IF($BK$5=L15,8,"")))))))) -> 3 | AO15: =IF($BK$9=E15,1, IF($BK$9=F15,2, IF($BK$9=G15,3,IF($BK$9=H15,4, IF($BK$9=I15,5, IF($BK$9=J15,6, IF($BK$9=K15,7,IF($BK$9=L15,8,"")))))))) -> 8 | AP15: =IF($BK$6=E15,1,IF($BK$6=F15,2,IF($BK$6=G15,3,IF($BK$6=H15,4,IF($BK$6=I15,5,IF($BK$6=J15,6,IF($BK$6=K15,7,IF($BK$6=L15,8,"")))))))) -> 4 | AQ15: =IF($BK$7=E15,1,IF($BK$7=F15,2,IF($BK$7=G15,3,IF($BK$7=H15,4,IF($BK$7=I15,5,IF($BK$7=J15,6,IF($BK$7=K15,7,IF($BK$7=L15,8,"")))))))) -> 2 | AR15: =IF($BK$8=E15,1, IF($BK$8=F15,2, IF($BK$8=G15,3,IF($BK$8=H15,4, IF($BK$8=I15,5, IF($BK$8=J15,6, IF($BK$8=K15,7,IF($BK$8=L15,8,"")))))))) -> 7 | AS15: =IF($BK$10=E15,1, IF($BK$10=F15,2, IF($BK$10=G15,3,IF($BK$10=H15,4, IF($BK$10=I15,5, IF($BK$10=J15,6, IF($BK$10=K15,7, IF($BK$10=L15,8,"")))))))) -> 5 | AT15: =IF(AM15="","",AM15) -> 6 | AU15: =IF(AN15="","",AN15) -> 3 | AV15: =IF(AP15="","",AP15) -> 4 | AW15: =IF(AQ15="","",AQ15) -> 2 | AX15: =IF(AL15="","",AL15) -> 1 | AY15: =IF(AO15="","",AO15) -> 8 | AZ15: =IF(AR15="","",AR15) -> 7 | BA15: =IF(AS15="","",AS15) -> 5 | BB15: =IF(AT15="","",ABS(AT15-1)) -> 5 | BC15: =IF(AU15="","",ABS(AU15-2)) -> 1 | BD15: =IF(AV15="","",ABS(AV15-3)) -> 1 | BE15: =IF(AW15="","",ABS(AW15-4)) -> 2 | BF15: =IF(AX15="","",ABS(AX15-5)) -> 4 | BG15: =IF(AY15="","",ABS(AY15-6)) -> 2 | BH15: =IF(AZ15="","",ABS(AZ15-7)) -> 0 | BI15: =IF(L15="","",ABS(BA15-8)) -> 3
A16: 14 | B16: О | C16: 2 а | E16: синий | F16: зеленый | G16: фиолетовый | H16: красный | I16: желтый | J16: черный | K16: серый | L16: коричневый | M16: синий | N16: серый | O16: фиолетовый | P16: черный | Q16: зеленый | R16: красный | S16: синий | T16: коричневый | U16: желтый | V16: синий | X16: серый | Y16: фиолетовый | Z16: зеленый | AA16: синий | AB16: коричневый | AC16: синий | AD16: красный | AE16: синий | AF16: синий | AG16: коричневый | AH16: синий | AL16: =IF($BK$3=E16,1,IF($BK$3=F16,2,IF($BK$3=G16,3,IF($BK$3=H16,4,IF($BK$3=I16,5,IF($BK$3=J16,6,IF($BK$3=K16,7,IF($BK$3=L16,8,"")))))))) -> 1 | AM16: =IF($BK$4=E16,1,IF($BK$4=F16,2,IF($BK$4=G16,3,IF($BK$4=H16,4,IF($BK$4=I16,5,IF($BK$4=J16,6,IF($BK$4=K16,7,IF($BK$4=L16,8,"")))))))) -> 4 | AN16: =IF($BK$5=E16,1, IF($BK$5=F16,2, IF($BK$5=G16,3,IF($BK$5=H16,4, IF($BK$5=I16,5, IF($BK$5=J16,6, IF($BK$5=K16,7, IF($BK$5=L16,8,"")))))))) -> 5 | AO16: =IF($BK$9=E16,1, IF($BK$9=F16,2, IF($BK$9=G16,3,IF($BK$9=H16,4, IF($BK$9=I16,5, IF($BK$9=J16,6, IF($BK$9=K16,7,IF($BK$9=L16,8,"")))))))) -> 8 | AP16: =IF($BK$6=E16,1,IF($BK$6=F16,2,IF($BK$6=G16,3,IF($BK$6=H16,4,IF($BK$6=I16,5,IF($BK$6=J16,6,IF($BK$6=K16,7,IF($BK$6=L16,8,"")))))))) -> 2 | AQ16: =IF($BK$7=E16,1,IF($BK$7=F16,2,IF($BK$7=G16,3,IF($BK$7=H16,4,IF($BK$7=I16,5,IF($BK$7=J16,6,IF($BK$7=K16,7,IF($BK$7=L16,8,"")))))))) -> 3 | AR16: =IF($BK$8=E16,1, IF($BK$8=F16,2, IF($BK$8=G16,3,IF($BK$8=H16,4, IF($BK$8=I16,5, IF($BK$8=J16,6, IF($BK$8=K16,7,IF($BK$8=L16,8,"")))))))) -> 7 | AS16: =IF($BK$10=E16,1, IF($BK$10=F16,2, IF($BK$10=G16,3,IF($BK$10=H16,4, IF($BK$10=I16,5, IF($BK$10=J16,6, IF($BK$10=K16,7, IF($BK$10=L16,8,"")))))))) -> 6 | AT16: =IF(AM16="","",AM16) -> 4 | AU16: =IF(AN16="","",AN16) -> 5 | AV16: =IF(AP16="","",AP16) -> 2 | AW16: =IF(AQ16="","",AQ16) -> 3 | AX16: =IF(AL16="","",AL16) -> 1 | AY16: =IF(AO16="","",AO16) -> 8 | AZ16: =IF(AR16="","",AR16) -> 7 | BA16: =IF(AS16="","",AS16) -> 6 | BB16: =IF(AT16="","",ABS(AT16-1)) -> 3 | BC16: =IF(AU16="","",ABS(AU16-2)) -> 3 | BD16: =IF(AV16="","",ABS(AV16-3)) -> 1 | BE16: =IF(AW16="","",ABS(AW16-4)) -> 1 | BF16: =IF(AX16="","",ABS(AX16-5)) -> 4 | BG16: =IF(AY16="","",ABS(AY16-6)) -> 2 | BH16: =IF(AZ16="","",ABS(AZ16-7)) -> 0 | BI16: =IF(L16="","",ABS(BA16-8)) -> 2
A17: 15 | B17: П | C17: 2 а | E17: синий | F17: желтый | G17: красный | H17: фиолетовый | I17: серый | J17: зеленый | K17: черный | L17: коричневый | M17: желтый | N17: коричневый | O17: фиолетовый | P17: черный | Q17: синий | R17: черный | S17: красный | T17: зеленый | U17: фиолетовый | V17: желтый | X17: черный | Y17: зеленый | Z17: синий | AA17: коричневый | AB17: черный | AC17: красный | AD17: желтый | AE17: синий | AF17: синий | AG17: черный | AH17: желтый | AL17: =IF($BK$3=E17,1,IF($BK$3=F17,2,IF($BK$3=G17,3,IF($BK$3=H17,4,IF($BK$3=I17,5,IF($BK$3=J17,6,IF($BK$3=K17,7,IF($BK$3=L17,8,"")))))))) -> 1 | AM17: =IF($BK$4=E17,1,IF($BK$4=F17,2,IF($BK$4=G17,3,IF($BK$4=H17,4,IF($BK$4=I17,5,IF($BK$4=J17,6,IF($BK$4=K17,7,IF($BK$4=L17,8,"")))))))) -> 3 | AN17: =IF($BK$5=E17,1, IF($BK$5=F17,2, IF($BK$5=G17,3,IF($BK$5=H17,4, IF($BK$5=I17,5, IF($BK$5=J17,6, IF($BK$5=K17,7, IF($BK$5=L17,8,"")))))))) -> 2 | AO17: =IF($BK$9=E17,1, IF($BK$9=F17,2, IF($BK$9=G17,3,IF($BK$9=H17,4, IF($BK$9=I17,5, IF($BK$9=J17,6, IF($BK$9=K17,7,IF($BK$9=L17,8,"")))))))) -> 8 | AP17: =IF($BK$6=E17,1,IF($BK$6=F17,2,IF($BK$6=G17,3,IF($BK$6=H17,4,IF($BK$6=I17,5,IF($BK$6=J17,6,IF($BK$6=K17,7,IF($BK$6=L17,8,"")))))))) -> 6 | AQ17: =IF($BK$7=E17,1,IF($BK$7=F17,2,IF($BK$7=G17,3,IF($BK$7=H17,4,IF($BK$7=I17,5,IF($BK$7=J17,6,IF($BK$7=K17,7,IF($BK$7=L17,8,"")))))))) -> 4 | AR17: =IF($BK$8=E17,1, IF($BK$8=F17,2, IF($BK$8=G17,3,IF($BK$8=H17,4, IF($BK$8=I17,5, IF($BK$8=J17,6, IF($BK$8=K17,7,IF($BK$8=L17,8,"")))))))) -> 5 | AS17: =IF($BK$10=E17,1, IF($BK$10=F17,2, IF($BK$10=G17,3,IF($BK$10=H17,4, IF($BK$10=I17,5, IF($BK$10=J17,6, IF($BK$10=K17,7, IF($BK$10=L17,8,"")))))))) -> 7 | AT17: =IF(AM17="","",AM17) -> 3 | AU17: =IF(AN17="","",AN17) -> 2 | AV17: =IF(AP17="","",AP17) -> 6 | AW17: =IF(AQ17="","",AQ17) -> 4 | AX17: =IF(AL17="","",AL17) -> 1 | AY17: =IF(AO17="","",AO17) -> 8 | AZ17: =IF(AR17="","",AR17) -> 5 | BA17: =IF(AS17="","",AS17) -> 7 | BB17: =IF(AT17="","",ABS(AT17-1)) -> 2 | BC17: =IF(AU17="","",ABS(AU17-2)) -> 0 | BD17: =IF(AV17="","",ABS(AV17-3)) -> 3 | BE17: =IF(AW17="","",ABS(AW17-4)) -> 0 | BF17: =IF(AX17="","",ABS(AX17-5)) -> 4 | BG17: =IF(AY17="","",ABS(AY17-6)) -> 2 | BH17: =IF(AZ17="","",ABS(AZ17-7)) -> 2 | BI17: =IF(L17="","",ABS(BA17-8)) -> 1
A18: 16 | B18: Р | C18: 2 а | E18: красный | F18: зеленый | G18: синий | H18: фиолетовый | I18: коричневый | J18: черный | K18: серый | L18: желтый | M18: фиолетовый | N18: синий | O18: черный | P18: желтый | Q18: зеленый | R18: серый | S18: красный | T18: черный | U18: фиолетовый | V18: черный | X18: черный | Y18: черный | Z18: фиолетовый | AA18: черный | AB18: черный | AC18: черный | AD18: коричневый | AE18: фиолетовый | AF18: черный | AG18: черный | AH18: красный | AL18: =IF($BK$3=E18,1,IF($BK$3=F18,2,IF($BK$3=G18,3,IF($BK$3=H18,4,IF($BK$3=I18,5,IF($BK$3=J18,6,IF($BK$3=K18,7,IF($BK$3=L18,8,"")))))))) -> 3 | AM18: =IF($BK$4=E18,1,IF($BK$4=F18,2,IF($BK$4=G18,3,IF($BK$4=H18,4,IF($BK$4=I18,5,IF($BK$4=J18,6,IF($BK$4=K18,7,IF($BK$4=L18,8,"")))))))) -> 1 | AN18: =IF($BK$5=E18,1, IF($BK$5=F18,2, IF($BK$5=G18,3,IF($BK$5=H18,4, IF($BK$5=I18,5, IF($BK$5=J18,6, IF($BK$5=K18,7, IF($BK$5=L18,8,"")))))))) -> 8 | AO18: =IF($BK$9=E18,1, IF($BK$9=F18,2, IF($BK$9=G18,3,IF($BK$9=H18,4, IF($BK$9=I18,5, IF($BK$9=J18,6, IF($BK$9=K18,7,IF($BK$9=L18,8,"")))))))) -> 5 | AP18: =IF($BK$6=E18,1,IF($BK$6=F18,2,IF($BK$6=G18,3,IF($BK$6=H18,4,IF($BK$6=I18,5,IF($BK$6=J18,6,IF($BK$6=K18,7,IF($BK$6=L18,8,"")))))))) -> 2 | AQ18: =IF($BK$7=E18,1,IF($BK$7=F18,2,IF($BK$7=G18,3,IF($BK$7=H18,4,IF($BK$7=I18,5,IF($BK$7=J18,6,IF($BK$7=K18,7,IF($BK$7=L18,8,"")))))))) -> 4 | AR18: =IF($BK$8=E18,1, IF($BK$8=F18,2, IF($BK$8=G18,3,IF($BK$8=H18,4, IF($BK$8=I18,5, IF($BK$8=J18,6, IF($BK$8=K18,7,IF($BK$8=L18,8,"")))))))) -> 7 | AS18: =IF($BK$10=E18,1, IF($BK$10=F18,2, IF($BK$10=G18,3,IF($BK$10=H18,4, IF($BK$10=I18,5, IF($BK$10=J18,6, IF($BK$10=K18,7, IF($BK$10=L18,8,"")))))))) -> 6 | AT18: =IF(AM18="","",AM18) -> 1 | AU18: =IF(AN18="","",AN18) -> 8 | AV18: =IF(AP18="","",AP18) -> 2 | AW18: =IF(AQ18="","",AQ18) -> 4 | AX18: =IF(AL18="","",AL18) -> 3 | AY18: =IF(AO18="","",AO18) -> 5 | AZ18: =IF(AR18="","",AR18) -> 7 | BA18: =IF(AS18="","",AS18) -> 6 | BB18: =IF(AT18="","",ABS(AT18-1)) -> 0 | BC18: =IF(AU18="","",ABS(AU18-2)) -> 6 | BD18: =IF(AV18="","",ABS(AV18-3)) -> 1 | BE18: =IF(AW18="","",ABS(AW18-4)) -> 0 | BF18: =IF(AX18="","",ABS(AX18-5)) -> 2 | BG18: =IF(AY18="","",ABS(AY18-6)) -> 1 | BH18: =IF(AZ18="","",ABS(AZ18-7)) -> 0 | BI18: =IF(L18="","",ABS(BA18-8)) -> 2
A19: 17 | B19: С | C19: 2 а | E19: красный | F19: зеленый | G19: синий | H19: черный | I19: серый | J19: желтый | K19: фиолетовый | L19: коричневый | M19: синий | N19: черный | O19: серый | P19: фиолетовый | Q19: зеленый | R19: коричневый | S19: фиолетовый | T19: черный | U19: серый | V19: красный | X19: фиолетовый | Y19: серый | Z19: коричневый | AA19: черный | AB19: коричневый | AC19: желтый | AD19: синий | AE19: зеленый | AF19: зеленый | AG19: коричневый | AH19: красный | AL19: =IF($BK$3=E19,1,IF($BK$3=F19,2,IF($BK$3=G19,3,IF($BK$3=H19,4,IF($BK$3=I19,5,IF($BK$3=J19,6,IF($BK$3=K19,7,IF($BK$3=L19,8,"")))))))) -> 3 | AM19: =IF($BK$4=E19,1,IF($BK$4=F19,2,IF($BK$4=G19,3,IF($BK$4=H19,4,IF($BK$4=I19,5,IF($BK$4=J19,6,IF($BK$4=K19,7,IF($BK$4=L19,8,"")))))))) -> 1 | AN19: =IF($BK$5=E19,1, IF($BK$5=F19,2, IF($BK$5=G19,3,IF($BK$5=H19,4, IF($BK$5=I19,5, IF($BK$5=J19,6, IF($BK$5=K19,7, IF($BK$5=L19,8,"")))))))) -> 6 | AO19: =IF($BK$9=E19,1, IF($BK$9=F19,2, IF($BK$9=G19,3,IF($BK$9=H19,4, IF($BK$9=I19,5, IF($BK$9=J19,6, IF($BK$9=K19,7,IF($BK$9=L19,8,"")))))))) -> 8 | AP19: =IF($BK$6=E19,1,IF($BK$6=F19,2,IF($BK$6=G19,3,IF($BK$6=H19,4,IF($BK$6=I19,5,IF($BK$6=J19,6,IF($BK$6=K19,7,IF($BK$6=L19,8,"")))))))) -> 2 | AQ19: =IF($BK$7=E19,1,IF($BK$7=F19,2,IF($BK$7=G19,3,IF($BK$7=H19,4,IF($BK$7=I19,5,IF($BK$7=J19,6,IF($BK$7=K19,7,IF($BK$7=L19,8,"")))))))) -> 7 | AR19: =IF($BK$8=E19,1, IF($BK$8=F19,2, IF($BK$8=G19,3,IF($BK$8=H19,4, IF($BK$8=I19,5, IF($BK$8=J19,6, IF($BK$8=K19,7,IF($BK$8=L19,8,"")))))))) -> 5 | AS19: =IF($BK$10=E19,1, IF($BK$10=F19,2, IF($BK$10=G19,3,IF($BK$10=H19,4, IF($BK$10=I19,5, IF($BK$10=J19,6, IF($BK$10=K19,7, IF($BK$10=L19,8,"")))))))) -> 4 | AT19: =IF(AM19="","",AM19) -> 1 | AU19: =IF(AN19="","",AN19) -> 6 | AV19: =IF(AP19="","",AP19) -> 2 | AW19: =IF(AQ19="","",AQ19) -> 7 | AX19: =IF(AL19="","",AL19) -> 3 | AY19: =IF(AO19="","",AO19) -> 8 | AZ19: =IF(AR19="","",AR19) -> 5 | BA19: =IF(AS19="","",AS19) -> 4 | BB19: =IF(AT19="","",ABS(AT19-1)) -> 0 | BC19: =IF(AU19="","",ABS(AU19-2)) -> 4 | BD19: =IF(AV19="","",ABS(AV19-3)) -> 1 | BE19: =IF(AW19="","",ABS(AW19-4)) -> 3 | BF19: =IF(AX19="","",ABS(AX19-5)) -> 2 | BG19: =IF(AY19="","",ABS(AY19-6)) -> 2 | BH19: =IF(AZ19="","",ABS(AZ19-7)) -> 2 | BI19: =IF(L19="","",ABS(BA19-8)) -> 4
A20: 18 | B20: Т | C20: 2 а | E20: красный | F20: черный | G20: желтый | H20: синий | I20: зеленый | J20: серый | K20: фиолетовый | L20: коричневый | M20: желтый | N20: коричневый | O20: синий | P20: фиолетовый | Q20: красный | R20: серый | S20: зеленый | T20: черный | U20: фиолетовый | V20: желтый | X20: фиолетовый | Y20: зеленый | Z20: желтый | AA20: коричневый | AB20: черный | AC20: красный | AD20: желтый | AE20: желтый | AF20: красный | AG20: черный | AH20: желтый | AL20: =IF($BK$3=E20,1,IF($BK$3=F20,2,IF($BK$3=G20,3,IF($BK$3=H20,4,IF($BK$3=I20,5,IF($BK$3=J20,6,IF($BK$3=K20,7,IF($BK$3=L20,8,"")))))))) -> 4 | AM20: =IF($BK$4=E20,1,IF($BK$4=F20,2,IF($BK$4=G20,3,IF($BK$4=H20,4,IF($BK$4=I20,5,IF($BK$4=J20,6,IF($BK$4=K20,7,IF($BK$4=L20,8,"")))))))) -> 1 | AN20: =IF($BK$5=E20,1, IF($BK$5=F20,2, IF($BK$5=G20,3,IF($BK$5=H20,4, IF($BK$5=I20,5, IF($BK$5=J20,6, IF($BK$5=K20,7, IF($BK$5=L20,8,"")))))))) -> 3 | AO20: =IF($BK$9=E20,1, IF($BK$9=F20,2, IF($BK$9=G20,3,IF($BK$9=H20,4, IF($BK$9=I20,5, IF($BK$9=J20,6, IF($BK$9=K20,7,IF($BK$9=L20,8,"")))))))) -> 8 | AP20: =IF($BK$6=E20,1,IF($BK$6=F20,2,IF($BK$6=G20,3,IF($BK$6=H20,4,IF($BK$6=I20,5,IF($BK$6=J20,6,IF($BK$6=K20,7,IF($BK$6=L20,8,"")))))))) -> 5 | AQ20: =IF($BK$7=E20,1,IF($BK$7=F20,2,IF($BK$7=G20,3,IF($BK$7=H20,4,IF($BK$7=I20,5,IF($BK$7=J20,6,IF($BK$7=K20,7,IF($BK$7=L20,8,"")))))))) -> 7 | AR20: =IF($BK$8=E20,1, IF($BK$8=F20,2, IF($BK$8=G20,3,IF($BK$8=H20,4, IF($BK$8=I20,5, IF($BK$8=J20,6, IF($BK$8=K20,7,IF($BK$8=L20,8,"")))))))) -> 6 | AS20: =IF($BK$10=E20,1, IF($BK$10=F20,2, IF($BK$10=G20,3,IF($BK$10=H20,4, IF($BK$10=I20,5, IF($BK$10=J20,6, IF($BK$10=K20,7, IF($BK$10=L20,8,"")))))))) -> 2 | AT20: =IF(AM20="","",AM20) -> 1 | AU20: =IF(AN20="","",AN20) -> 3 | AV20: =IF(AP20="","",AP20) -> 5 | AW20: =IF(AQ20="","",AQ20) -> 7 | AX20: =IF(AL20="","",AL20) -> 4 | AY20: =IF(AO20="","",AO20) -> 8 | AZ20: =IF(AR20="","",AR20) -> 6 | BA20: =IF(AS20="","",AS20) -> 2 | BB20: =IF(AT20="","",ABS(AT20-1)) -> 0 | BC20: =IF(AU20="","",ABS(AU20-2)) -> 1 | BD20: =IF(AV20="","",ABS(AV20-3)) -> 2 | BE20: =IF(AW20="","",ABS(AW20-4)) -> 3 | BF20: =IF(AX20="","",ABS(AX20-5)) -> 1 | BG20: =IF(AY20="","",ABS(AY20-6)) -> 2 | BH20: =IF(AZ20="","",ABS(AZ20-7)) -> 1 | BI20: =IF(L20="","",ABS(BA20-8)) -> 6
A21: 19 | B21: У | C21: 2 а | E21: синий | F21: зеленый | G21: желтый | H21: фиолетовый | I21: серый | J21: черный | K21: красный | L21: коричневый | M21: синий | N21: коричневый | O21: фиолетовый | P21: коричневый | Q21: синий | R21: красный | S21: желтый | T21: коричневый | U21: черный | V21: зеленый | X21: синий | Y21: черный | Z21: синий | AA21: фиолетовый | AB21: черный | AC21: синий | AD21: синий | AE21: синий | AF21: синий | AG21: черный | AH21: синий | AL21: =IF($BK$3=E21,1,IF($BK$3=F21,2,IF($BK$3=G21,3,IF($BK$3=H21,4,IF($BK$3=I21,5,IF($BK$3=J21,6,IF($BK$3=K21,7,IF($BK$3=L21,8,"")))))))) -> 1 | AM21: =IF($BK$4=E21,1,IF($BK$4=F21,2,IF($BK$4=G21,3,IF($BK$4=H21,4,IF($BK$4=I21,5,IF($BK$4=J21,6,IF($BK$4=K21,7,IF($BK$4=L21,8,"")))))))) -> 7 | AN21: =IF($BK$5=E21,1, IF($BK$5=F21,2, IF($BK$5=G21,3,IF($BK$5=H21,4, IF($BK$5=I21,5, IF($BK$5=J21,6, IF($BK$5=K21,7, IF($BK$5=L21,8,"")))))))) -> 3 | AO21: =IF($BK$9=E21,1, IF($BK$9=F21,2, IF($BK$9=G21,3,IF($BK$9=H21,4, IF($BK$9=I21,5, IF($BK$9=J21,6, IF($BK$9=K21,7,IF($BK$9=L21,8,"")))))))) -> 8 | AP21: =IF($BK$6=E21,1,IF($BK$6=F21,2,IF($BK$6=G21,3,IF($BK$6=H21,4,IF($BK$6=I21,5,IF($BK$6=J21,6,IF($BK$6=K21,7,IF($BK$6=L21,8,"")))))))) -> 2 | AQ21: =IF($BK$7=E21,1,IF($BK$7=F21,2,IF($BK$7=G21,3,IF($BK$7=H21,4,IF($BK$7=I21,5,IF($BK$7=J21,6,IF($BK$7=K21,7,IF($BK$7=L21,8,"")))))))) -> 4 | AR21: =IF($BK$8=E21,1, IF($BK$8=F21,2, IF($BK$8=G21,3,IF($BK$8=H21,4, IF($BK$8=I21,5, IF($BK$8=J21,6, IF($BK$8=K21,7,IF($BK$8=L21,8,"")))))))) -> 5 | AS21: =IF($BK$10=E21,1, IF($BK$10=F21,2, IF($BK$10=G21,3,IF($BK$10=H21,4, IF($BK$10=I21,5, IF($BK$10=J21,6, IF($BK$10=K21,7, IF($BK$10=L21,8,"")))))))) -> 6 | AT21: =IF(AM21="","",AM21) -> 7 | AU21: =IF(AN21="","",AN21) -> 3 | AV21: =IF(AP21="","",AP21) -> 2 | AW21: =IF(AQ21="","",AQ21) -> 4 | AX21: =IF(AL21="","",AL21) -> 1 | AY21: =IF(AO21="","",AO21) -> 8 | AZ21: =IF(AR21="","",AR21) -> 5 | BA21: =IF(AS21="","",AS21) -> 6 | BB21: =IF(AT21="","",ABS(AT21-1)) -> 6 | BC21: =IF(AU21="","",ABS(AU21-2)) -> 1 | BD21: =IF(AV21="","",ABS(AV21-3)) -> 1 | BE21: =IF(AW21="","",ABS(AW21-4)) -> 0 | BF21: =IF(AX21="","",ABS(AX21-5)) -> 4 | BG21: =IF(AY21="","",ABS(AY21-6)) -> 2 | BH21: =IF(AZ21="","",ABS(AZ21-7)) -> 2 | BI21: =IF(L21="","",ABS(BA21-8)) -> 2
A22: 20 | B22: Ф | C22: 2 в | E22: синий | F22: фиолетовый | G22: черный | H22: желтый | I22: зеленый | J22: серый | K22: красный | L22: коричневый | M22: желтый | N22: серый | O22: фиолетовый | P22: красный | Q22: синий | R22: черный | S22: зеленый | T22: черный | U22: серый | V22: желтый | X22: серый | Y22: коричневый | Z22: черный | AA22: красный | AB22: черный | AC22: фиолетовый | AD22: синий | AE22: зеленый | AF22: зеленый | AG22: черный | AH22: зеленый | AL22: =IF($BK$3=E22,1,IF($BK$3=F22,2,IF($BK$3=G22,3,IF($BK$3=H22,4,IF($BK$3=I22,5,IF($BK$3=J22,6,IF($BK$3=K22,7,IF($BK$3=L22,8,"")))))))) -> 1 | AM22: =IF($BK$4=E22,1,IF($BK$4=F22,2,IF($BK$4=G22,3,IF($BK$4=H22,4,IF($BK$4=I22,5,IF($BK$4=J22,6,IF($BK$4=K22,7,IF($BK$4=L22,8,"")))))))) -> 7 | AN22: =IF($BK$5=E22,1, IF($BK$5=F22,2, IF($BK$5=G22,3,IF($BK$5=H22,4, IF($BK$5=I22,5, IF($BK$5=J22,6, IF($BK$5=K22,7, IF($BK$5=L22,8,"")))))))) -> 4 | AO22: =IF($BK$9=E22,1, IF($BK$9=F22,2, IF($BK$9=G22,3,IF($BK$9=H22,4, IF($BK$9=I22,5, IF($BK$9=J22,6, IF($BK$9=K22,7,IF($BK$9=L22,8,"")))))))) -> 8 | AP22: =IF($BK$6=E22,1,IF($BK$6=F22,2,IF($BK$6=G22,3,IF($BK$6=H22,4,IF($BK$6=I22,5,IF($BK$6=J22,6,IF($BK$6=K22,7,IF($BK$6=L22,8,"")))))))) -> 5 | AQ22: =IF($BK$7=E22,1,IF($BK$7=F22,2,IF($BK$7=G22,3,IF($BK$7=H22,4,IF($BK$7=I22,5,IF($BK$7=J22,6,IF($BK$7=K22,7,IF($BK$7=L22,8,"")))))))) -> 2 | AR22: =IF($BK$8=E22,1, IF($BK$8=F22,2, IF($BK$8=G22,3,IF($BK$8=H22,4, IF($BK$8=I22,5, IF($BK$8=J22,6, IF($BK$8=K22,7,IF($BK$8=L22,8,"")))))))) -> 6 | AS22: =IF($BK$10=E22,1, IF($BK$10=F22,2, IF($BK$10=G22,3,IF($BK$10=H22,4, IF($BK$10=I22,5, IF($BK$10=J22,6, IF($BK$10=K22,7, IF($BK$10=L22,8,"")))))))) -> 3 | AT22: =IF(AM22="","",AM22) -> 7 | AU22: =IF(AN22="","",AN22) -> 4 | AV22: =IF(AP22="","",AP22) -> 5 | AW22: =IF(AQ22="","",AQ22) -> 2 | AX22: =IF(AL22="","",AL22) -> 1 | AY22: =IF(AO22="","",AO22) -> 8 | AZ22: =IF(AR22="","",AR22) -> 6 | BA22: =IF(AS22="","",AS22) -> 3 | BB22: =IF(AT22="","",ABS(AT22-1)) -> 6 | BC22: =IF(AU22="","",ABS(AU22-2)) -> 2 | BD22: =IF(AV22="","",ABS(AV22-3)) -> 2 | BE22: =IF(AW22="","",ABS(AW22-4)) -> 2 | BF22: =IF(AX22="","",ABS(AX22-5)) -> 4 | BG22: =IF(AY22="","",ABS(AY22-6)) -> 2 | BH22: =IF(AZ22="","",ABS(AZ22-7)) -> 1 | BI22: =IF(L22="","",ABS(BA22-8)) -> 5
A23: 21 | B23: Х | C23: 2 в | E23: черный | F23: серый | G23: зеленый | H23: коричневый | I23: красный | J23: желтый | K23: синий | L23: фиолетовый | M23: желтый | N23: фиолетовый | O23: зеленый | P23: черный | Q23: синий | R23: коричневый | S23: красный | T23: серый | U23: фиолетовый | V23: желтый | X23: желтый | Y23: фиолетовый | Z23: черный | AA23: серый | AB23: черный | AC23: фиолетовый | AD23: желтый | AE23: желтый | AF23: желтый | AG23: фиолетовый | AH23: желтый | AL23: =IF($BK$3=E23,1,IF($BK$3=F23,2,IF($BK$3=G23,3,IF($BK$3=H23,4,IF($BK$3=I23,5,IF($BK$3=J23,6,IF($BK$3=K23,7,IF($BK$3=L23,8,"")))))))) -> 7 | AM23: =IF($BK$4=E23,1,IF($BK$4=F23,2,IF($BK$4=G23,3,IF($BK$4=H23,4,IF($BK$4=I23,5,IF($BK$4=J23,6,IF($BK$4=K23,7,IF($BK$4=L23,8,"")))))))) -> 5 | AN23: =IF($BK$5=E23,1, IF($BK$5=F23,2, IF($BK$5=G23,3,IF($BK$5=H23,4, IF($BK$5=I23,5, IF($BK$5=J23,6, IF($BK$5=K23,7, IF($BK$5=L23,8,"")))))))) -> 6 | AO23: =IF($BK$9=E23,1, IF($BK$9=F23,2, IF($BK$9=G23,3,IF($BK$9=H23,4, IF($BK$9=I23,5, IF($BK$9=J23,6, IF($BK$9=K23,7,IF($BK$9=L23,8,"")))))))) -> 4 | AP23: =IF($BK$6=E23,1,IF($BK$6=F23,2,IF($BK$6=G23,3,IF($BK$6=H23,4,IF($BK$6=I23,5,IF($BK$6=J23,6,IF($BK$6=K23,7,IF($BK$6=L23,8,"")))))))) -> 3 | AQ23: =IF($BK$7=E23,1,IF($BK$7=F23,2,IF($BK$7=G23,3,IF($BK$7=H23,4,IF($BK$7=I23,5,IF($BK$7=J23,6,IF($BK$7=K23,7,IF($BK$7=L23,8,"")))))))) -> 8 | AR23: =IF($BK$8=E23,1, IF($BK$8=F23,2, IF($BK$8=G23,3,IF($BK$8=H23,4, IF($BK$8=I23,5, IF($BK$8=J23,6, IF($BK$8=K23,7,IF($BK$8=L23,8,"")))))))) -> 2 | AS23: =IF($BK$10=E23,1, IF($BK$10=F23,2, IF($BK$10=G23,3,IF($BK$10=H23,4, IF($BK$10=I23,5, IF($BK$10=J23,6, IF($BK$10=K23,7, IF($BK$10=L23,8,"")))))))) -> 1 | AT23: =IF(AM23="","",AM23) -> 5 | AU23: =IF(AN23="","",AN23) -> 6 | AV23: =IF(AP23="","",AP23) -> 3 | AW23: =IF(AQ23="","",AQ23) -> 8 | AX23: =IF(AL23="","",AL23) -> 7 | AY23: =IF(AO23="","",AO23) -> 4 | AZ23: =IF(AR23="","",AR23) -> 2 | BA23: =IF(AS23="","",AS23) -> 1 | BB23: =IF(AT23="","",ABS(AT23-1)) -> 4 | BC23: =IF(AU23="","",ABS(AU23-2)) -> 4 | BD23: =IF(AV23="","",ABS(AV23-3)) -> 0 | BE23: =IF(AW23="","",ABS(AW23-4)) -> 4 | BF23: =IF(AX23="","",ABS(AX23-5)) -> 2 | BG23: =IF(AY23="","",ABS(AY23-6)) -> 2 | BH23: =IF(AZ23="","",ABS(AZ23-7)) -> 5 | BI23: =IF(L23="","",ABS(BA23-8)) -> 7
... A26: 24 | B26: Ш | C26: 2 в | E26: синий | F26: зеленый | G26: красный | H26: желтый | I26: фиолетовый | J26: серый | K26: коричневый | L26: черный | M26: желтый | N26: черный | O26: зеленый | P26: фиолетовый | Q26: синий | R26: красный | S26: синий | T26: серый | U26: коричневый | V26: зеленый | X26: черный | Y26: красный | Z26: серый | AA26: коричневый | AB26: черный | AC26: синий | AD26: зеленый | AE26: синий | AF26: синий | AG26: черный | AH26: черный | AL26: =IF($BK$3=E26,1,IF($BK$3=F26,2,IF($BK$3=G26,3,IF($BK$3=H26,4,IF($BK$3=I26,5,IF($BK$3=J26,6,IF($BK$3=K26,7,IF($BK$3=L26,8,"")))))))) -> 1 | AM26: =IF($BK$4=E26,1,IF($BK$4=F26,2,IF($BK$4=G26,3,IF($BK$4=H26,4,IF($BK$4=I26,5,IF($BK$4=J26,6,IF($BK$4=K26,7,IF($BK$4=L26,8,"")))))))) -> 3 | AN26: =IF($BK$5=E26,1, IF($BK$5=F26,2, IF($BK$5=G26,3,IF($BK$5=H26,4, IF($BK$5=I26,5, IF($BK$5=J26,6, IF($BK$5=K26,7, IF($BK$5=L26,8,"")))))))) -> 4 | AO26: =IF($BK$9=E26,1, IF($BK$9=F26,2, IF($BK$9=G26,3,IF($BK$9=H26,4, IF($BK$9=I26,5, IF($BK$9=J26,6, IF($BK$9=K26,7,IF($BK$9=L26,8,"")))))))) -> 7 | AP26: =IF($BK$6=E26,1,IF($BK$6=F26,2,IF($BK$6=G26,3,IF($BK$6=H26,4,IF($BK$6=I26,5,IF($BK$6=J26,6,IF($BK$6=K26,7,IF($BK$6=L26,8,"")))))))) -> 2 | AQ26: =IF($BK$7=E26,1,IF($BK$7=F26,2,IF($BK$7=G26,3,IF($BK$7=H26,4,IF($BK$7=I26,5,IF($BK$7=J26,6,IF($BK$7=K26,7,IF($BK$7=L26,8,"")))))))) -> 5 | AR26: =IF($BK$8=E26,1, IF($BK$8=F26,2, IF($BK$8=G26,3,IF($BK$8=H26,4, IF($BK$8=I26,5, IF($BK$8=J26,6, IF($BK$8=K26,7,IF($BK$8=L26,8,"")))))))) -> 6 | AS26: =IF($BK$10=E26,1, IF($BK$10=F26,2, IF($BK$10=G26,3,IF($BK$10=H26,4, IF($BK$10=I26,5, IF($BK$10=J26,6, IF($BK$10=K26,7, IF($BK$10=L26,8,"")))))))) -> 8 | AT26: =IF(AM26="","",AM26) -> 3 | AU26: =IF(AN26="","",AN26) -> 4 | AV26: =IF(AP26="","",AP26) -> 2 | AW26: =IF(AQ26="","",AQ26) -> 5 | AX26: =IF(AL26="","",AL26) -> 1 | AY26: =IF(AO26="","",AO26) -> 7 | AZ26: =IF(AR26="","",AR26) -> 6 | BA26: =IF(AS26="","",AS26) -> 8 | BB26: =IF(AT26="","",ABS(AT26-1)) -> 2 | BC26: =IF(AU26="","",ABS(AU26-2)) -> 2 | BD26: =IF(AV26="","",ABS(AV26-3)) -> 1 | BE26: =IF(AW26="","",ABS(AW26-4)) -> 1 | BF26: =IF(AX26="","",ABS(AX26-5)) -> 4 | BG26: =IF(AY26="","",ABS(AY26-6)) -> 1 | BH26: =IF(AZ26="","",ABS(AZ26-7)) -> 1 | BI26: =IF(L26="","",ABS(BA26-8)) -> 0
A27: 25 | B27: Щ | C27: 2 в | AL27: =IF($BK$3=E27,1,IF($BK$3=F27,2,IF($BK$3=G27,3,IF($BK$3=H27,4,IF($BK$3=I27,5,IF($BK$3=J27,6,IF($BK$3=K27,7,IF($BK$3=L27,8,"")))))))) | AM27: =IF($BK$4=E27,1,IF($BK$4=F27,2,IF($BK$4=G27,3,IF($BK$4=H27,4,IF($BK$4=I27,5,IF($BK$4=J27,6,IF($BK$4=K27,7,IF($BK$4=L27,8,"")))))))) | AN27: =IF($BK$5=E27,1, IF($BK$5=F27,2, IF($BK$5=G27,3,IF($BK$5=H27,4, IF($BK$5=I27,5, IF($BK$5=J27,6, IF($BK$5=K27,7, IF($BK$5=L27,8,"")))))))) | AO27: =IF($BK$9=E27,1, IF($BK$9=F27,2, IF($BK$9=G27,3,IF($BK$9=H27,4, IF($BK$9=I27,5, IF($BK$9=J27,6, IF($BK$9=K27,7,IF($BK$9=L27,8,"")))))))) | AP27: =IF($BK$6=E27,1,IF($BK$6=F27,2,IF($BK$6=G27,3,IF($BK$6=H27,4,IF($BK$6=I27,5,IF($BK$6=J27,6,IF($BK$6=K27,7,IF($BK$6=L27,8,"")))))))) | AQ27: =IF($BK$7=E27,1,IF($BK$7=F27,2,IF($BK$7=G27,3,IF($BK$7=H27,4,IF($BK$7=I27,5,IF($BK$7=J27,6,IF($BK$7=K27,7,IF($BK$7=L27,8,"")))))))) | AR27: =IF($BK$8=E27,1, IF($BK$8=F27,2, IF($BK$8=G27,3,IF($BK$8=H27,4, IF($BK$8=I27,5, IF($BK$8=J27,6, IF($BK$8=K27,7,IF($BK$8=L27,8,"")))))))) | AS27: =IF($BK$10=E27,1, IF($BK$10=F27,2, IF($BK$10=G27,3,IF($BK$10=H27,4, IF($BK$10=I27,5, IF($BK$10=J27,6, IF($BK$10=K27,7, IF($BK$10=L27,8,"")))))))) | AT27: =IF(AM27="","",AM27) | AU27: =IF(AN27="","",AN27) | AV27: =IF(AP27="","",AP27) | AW27: =IF(AQ27="","",AQ27) | AX27: =IF(AL27="","",AL27) | AY27: =IF(AO27="","",AO27) | AZ27: =IF(AR27="","",AR27) | BA27: =IF(AS27="","",AS27) | BB27: =IF(AT27="","",ABS(AT27-1)) | BC27: =IF(AU27="","",ABS(AU27-2)) | BD27: =IF(AV27="","",ABS(AV27-3)) | BE27: =IF(AW27="","",ABS(AW27-4)) | BF27: =IF(AX27="","",ABS(AX27-5)) | BG27: =IF(AY27="","",ABS(AY27-6)) | BH27: =IF(AZ27="","",ABS(AZ27-7)) | BI27: =IF(L27="","",ABS(BA27-8))

Sheet 1_обработка CО,ВК,ЭК
E1: Задание 1 | J1: Задание 2 | T1: Задание 3
B2: ФИО ребенка | C2: класс | D2: Дата | E2: Эмоциональный фон | G2: Вегетативный компонент | I2: Самооценка
A4: =ЦТО!A3 -> 1 | B4: =ЦТО!B3 -> А | C4: =ЦТО!C3 -> 2 а | D4: =ЦТО!D3 -> 0 | E4: =SUM(ЦТО!BB3:BI3) -> 0 | F4: =IF(E4<10,'вспомогательные данные'!$C$26,IF(E4<19,'вспомогательные данные'!$C$25,'вспомогательные данные'!$C$24)) -> положительный | G4: =(18-ЦТО!AM3-ЦТО!AL3)/(18-ЦТО!AL3-ЦТО!AP3) -> #VALUE! | H4: =IF(G4<0.51,'вспомогательные данные'!$C$19,IF(G4<0.92,'вспомогательные данные'!$C$20, IF(G4<2,'вспомогательные данные'!$C$21,'вспомогательные данные'!$C$22))) -> #VALUE! | I4: =IF(OR(ЦТО!AT3=1,ЦТО!AU3=1,ЦТО!AV3=1,ЦТО!AX3=1),"Положительная",IF(OR(ЦТО!AY3=1,ЦТО!AZ3=1,ЦТО!BA3=1),"Отрицательная",IF(OR(ЦТО!AW3=1),"Инфантильная"))) -> FALSE
A5: =ЦТО!A4 -> 2 | B5: =ЦТО!B4 -> Б | C5: =ЦТО!C4 -> 2 а | D5: =ЦТО!D4 -> 0 | E5: =SUM(ЦТО!BB4:BI4) -> 20 | F5: =IF(E5<10,'вспомогательные данные'!$C$26,IF(E5<19,'вспомогательные данные'!$C$25,'вспомогательные данные'!$C$24)) -> отрицательный | G5: =(18-ЦТО!AM4-ЦТО!AL4)/(18-ЦТО!AL4-ЦТО!AP4) -> 1.1818182 | H5: =IF(G5<0.51,'вспомогательные данные'!$C$19,IF(G5<0.92,'вспомогательные данные'!$C$20, IF(G5<2,'вспомогательные данные'!$C$21,'вспомогательные данные'!$C$22))) -> оптимальная работоспособность | I5: =IF(OR(ЦТО!AT4=1,ЦТО!AU4=1,ЦТО!AV4=1,ЦТО!AX4=1),"Положительная",IF(OR(ЦТО!AY4=1,ЦТО!AZ4=1,ЦТО!BA4=1),"Отрицательная",IF(OR(ЦТО!AW4=1),"Инфантильная"))) -> Инфантильная
A6: =ЦТО!A5 -> 3 | B6: =ЦТО!B5 -> В | C6: =ЦТО!C5 -> 2 а | D6: =ЦТО!D5 -> 0 | E6: =SUM(ЦТО!BB5:BI5) -> 24 | F6: =IF(E6<10,'вспомогательные данные'!$C$26,IF(E6<19,'вспомогательные данные'!$C$25,'вспомогательные данные'!$C$24)) -> отрицательный | G6: =(18-ЦТО!AM5-ЦТО!AL5)/(18-ЦТО!AL5-ЦТО!AP5) -> 0.69230769 | H6: =IF(G6<0.51,'вспомогательные данные'!$C$19,IF(G6<0.92,'вспомогательные данные'!$C$20, IF(G6<2,'вспомогательные данные'!$C$21,'вспомогательные данные'!$C$22))) -> усталость | I6: =IF(OR(ЦТО!AT5=1,ЦТО!AU5=1,ЦТО!AV5=1,ЦТО!AX5=1),"Положительная",IF(OR(ЦТО!AY5=1,ЦТО!AZ5=1,ЦТО!BA5=1),"Отрицательная",IF(OR(ЦТО!AW5=1),"Инфантильная"))) -> Инфантильная
A7: =ЦТО!A6 -> 4 | B7: =ЦТО!B6 -> Г | C7: =ЦТО!C6 -> 2 а | D7: =ЦТО!D6 -> 0 | E7: =SUM(ЦТО!BB6:BI6) -> 16 | F7: =IF(E7<10,'вспомогательные данные'!$C$26,IF(E7<19,'вспомогательные данные'!$C$25,'вспомогательные данные'!$C$24)) -> нормальный | G7: =(18-ЦТО!AM6-ЦТО!AL6)/(18-ЦТО!AL6-ЦТО!AP6) -> 1.4444444 | H7: =IF(G7<0.51,'вспомогательные данные'!$C$19,IF(G7<0.92,'вспомогательные данные'!$C$20, IF(G7<2,'вспомогательные данные'!$C$21,'вспомогательные данные'!$C$22))) -> оптимальная работоспособность | I7: =IF(OR(ЦТО!AT6=1,ЦТО!AU6=1,ЦТО!AV6=1,ЦТО!AX6=1),"Положительная",IF(OR(ЦТО!AY6=1,ЦТО!AZ6=1,ЦТО!BA6=1),"Отрицательная",IF(OR(ЦТО!AW6=1),"Инфантильная"))) -> Положительная
A8: =ЦТО!A7 -> 5 | B8: =ЦТО!B7 -> Д | C8: =ЦТО!C7 -> 2 а | D8: =ЦТО!D7 -> 0 | E8: =SUM(ЦТО!BB7:BI7) -> 16 | F8: =IF(E8<10,'вспомогательные данные'!$C$26,IF(E8<19,'вспомогательные данные'!$C$25,'вспомогательные данные'!$C$24)) -> нормальный | G8: =(18-ЦТО!AM7-ЦТО!AL7)/(18-ЦТО!AL7-ЦТО!AP7) -> 1.2857143 | H8: =IF(G8<0.51,'вспомогательные данные'!$C$19,IF(G8<0.92,'вспомогательные данные'!$C$20, IF(G8<2,'вспомогательные данные'!$C$21,'вспомогательные данные'!$C$22))) -> оптимальная работоспособность | I8: =IF(OR(ЦТО!AT7=1,ЦТО!AU7=1,ЦТО!AV7=1,ЦТО!AX7=1),"Положительная",IF(OR(ЦТО!AY7=1,ЦТО!AZ7=1,ЦТО!BA7=1),"Отрицательная",IF(OR(ЦТО!AW7=1),"Инфантильная"))) -> Положительная
A9: =ЦТО!A8 -> 6 | B9: =ЦТО!B8 -> Е | C9: =ЦТО!C8 -> 2 а | D9: =ЦТО!D8 -> 0 | E9: =SUM(ЦТО!BB8:BI8) -> 0 | F9: =IF(E9<10,'вспомогательные данные'!$C$26,IF(E9<19,'вспомогательные данные'!$C$25,'вспомогательные данные'!$C$24)) -> положительный | G9: =(18-ЦТО!AM8-ЦТО!AL8)/(18-ЦТО!AL8-ЦТО!AP8) -> #VALUE! | H9: =IF(G9<0.51,'вспомогательные данные'!$C$19,IF(G9<0.92,'вспомогательные данные'!$C$20, IF(G9<2,'вспомогательные данные'!$C$21,'вспомогательные данные'!$C$22))) -> #VALUE! | I9: =IF(OR(ЦТО!AT8=1,ЦТО!AU8=1,ЦТО!AV8=1,ЦТО!AX8=1),"Положительная",IF(OR(ЦТО!AY8=1,ЦТО!AZ8=1,ЦТО!BA8=1),"Отрицательная",IF(OR(ЦТО!AW8=1),"Инфантильная"))) -> FALSE
A10: =ЦТО!A9 -> 7 | B10: =ЦТО!B9 -> Ж | C10: =ЦТО!C9 -> 2 а | D10: =ЦТО!D9 -> 0 | E10: =SUM(ЦТО!BB9:BI9) -> 18 | F10: =IF(E10<10,'вспомогательные данные'!$C$26,IF(E10<19,'вспомогательные данные'!$C$25,'вспомогательные данные'!$C$24)) -> нормальный | G10: =(18-ЦТО!AM9-ЦТО!AL9)/(18-ЦТО!AL9-ЦТО!AP9) -> 1.2 | H10: =IF(G10<0.51,'вспомогательные данные'!$C$19,IF(G10<0.92,'вспомогательные данные'!$C$20, IF(G10<2,'вспомогательные данные'!$C$21,'вспомогательные данные'!$C$22))) -> оптимальная работоспособность | I10: =IF(OR(ЦТО!AT9=1,ЦТО!AU9=1,ЦТО!AV9=1,ЦТО!AX9=1),"Положительная",IF(OR(ЦТО!AY9=1,ЦТО!AZ9=1,ЦТО!BA9=1),"Отрицательная",IF(OR(ЦТО!AW9=1),"Инфантильная"))) -> Инфантильная
A11: =ЦТО!A10 -> 8 | B11: =ЦТО!B10 -> З | C11: =ЦТО!C10 -> 2 а | D11: =ЦТО!D10 -> 0 | E11: =SUM(ЦТО!BB10:BI10) -> 22 | F11: =IF(E11<10,'вспомогательные данные'!$C$26,IF(E11<19,'вспомогательные данные'!$C$25,'вспомогательные данные'!$C$24)) -> отрицательный | G11: =(18-ЦТО!AM10-ЦТО!AL10)/(18-ЦТО!AL10-ЦТО!AP10) -> 1.2222222 | H11: =IF(G11<0.51,'вспомогательные данные'!$C$19,IF(G11<0.92,'вспомогательные данные'!$C$20, IF(G11<2,'вспомогательные данные'!$C$21,'вспомогательные данные'!$C$22))) -> оптимальная работоспособность | I11: =IF(OR(ЦТО!AT10=1,ЦТО!AU10=1,ЦТО!AV10=1,ЦТО!AX10=1),"Положительная",IF(OR(ЦТО!AY10=1,ЦТО!AZ10=1,ЦТО!BA10=1),"Отрицательная",IF(OR(ЦТО!AW10=1),"Инфантильная"))) -> Положительная
A12: =ЦТО!A11 -> 9 | B12: =ЦТО!B11 -> И | C12: =ЦТО!C11 -> 2 а | D12: =ЦТО!D11 -> 0 | E12: =SUM(ЦТО!BB11:BI11) -> 16 | F12: =IF(E12<10,'вспомогательные данные'!$C$26,IF(E12<19,'вспомогательные данные'!$C$25,'вспомогательные данные'!$C$24)) -> нормальный | G12: =(18-ЦТО!AM11-ЦТО!AL11)/(18-ЦТО!AL11-ЦТО!AP11) -> 0.93333333 | H12: =IF(G12<0.51,'вспомогательные данные'!$C$19,IF(G12<0.92,'вспомогательные данные'!$C$20, IF(G12<2,'вспомогательные данные'!$C$21,'вспомогательные данные'!$C$22))) -> оптимальная работоспособность | I12: =IF(OR(ЦТО!AT11=1,ЦТО!AU11=1,ЦТО!AV11=1,ЦТО!AX11=1),"Положительная",IF(OR(ЦТО!AY11=1,ЦТО!AZ11=1,ЦТО!BA11=1),"Отрицательная",IF(OR(ЦТО!AW11=1),"Инфантильная"))) -> Положительная
A13: =ЦТО!A12 -> 10 | B13: =ЦТО!B12 -> К | C13: =ЦТО!C12 -> 2 а | D13: =ЦТО!D12 -> 0 | E13: =SUM(ЦТО!BB12:BI12) -> 18 | F13: =IF(E13<10,'вспомогательные данные'!$C$26,IF(E13<19,'вспомогательные данные'!$C$25,'вспомогательные данные'!$C$24)) -> нормальный | G13: =(18-ЦТО!AM12-ЦТО!AL12)/(18-ЦТО!AL12-ЦТО!AP12) -> 0.91666667 | H13: =IF(G13<0.51,'вспомогательные данные'!$C$19,IF(G13<0.92,'вспомогательные данные'!$C$20, IF(G13<2,'вспомогательные данные'!$C$21,'вспомогательные данные'!$C$22))) -> усталость | I13: =IF(OR(ЦТО!AT12=1,ЦТО!AU12=1,ЦТО!AV12=1,ЦТО!AX12=1),"Положительная",IF(OR(ЦТО!AY12=1,ЦТО!AZ12=1,ЦТО!BA12=1),"Отрицательная",IF(OR(ЦТО!AW12=1),"Инфантильная"))) -> Положительная
A14: =ЦТО!A13 -> 11 | B14: =ЦТО!B13 -> Л | C14: =ЦТО!C13 -> 2 а | D14: =ЦТО!D13 -> 0 | E14: =SUM(ЦТО!BB13:BI13) -> 24 | F14: =IF(E14<10,'вспомогательные данные'!$C$26,IF(E14<19,'вспомогательные данные'!$C$25,'вспомогательные данные'!$C$24)) -> отрицательный | G14: =(18-ЦТО!AM13-ЦТО!AL13)/(18-ЦТО!AL13-ЦТО!AP13) -> 0.64285714 | H14: =IF(G14<0.51,'вспомогательные данные'!$C$19,IF(G14<0.92,'вспомогательные данные'!$C$20, IF(G14<2,'вспомогательные данные'!$C$21,'вспомогательные данные'!$C$22))) -> усталость | I14: =IF(OR(ЦТО!AT13=1,ЦТО!AU13=1,ЦТО!AV13=1,ЦТО!AX13=1),"Положительная",IF(OR(ЦТО!AY13=1,ЦТО!AZ13=1,ЦТО!BA13=1),"Отрицательная",IF(OR(ЦТО!AW13=1),"Инфантильная"))) -> Положительная
A15: =ЦТО!A14 -> 12 | B15: =ЦТО!B14 -> М | C15: =ЦТО!C14 -> 2 а | D15: =ЦТО!D14 -> 0 | E15: =SUM(ЦТО!BB14:BI14) -> 22 | F15: =IF(E15<10,'вспомогательные данные'!$C$26,IF(E15<19,'вспомогательные данные'!$C$25,'вспомогательные данные'!$C$24)) -> отрицательный | G15: =(18-ЦТО!AM14-ЦТО!AL14)/(18-ЦТО!AL14-ЦТО!AP14) -> 1.8 | H15: =IF(G15<0.51,'вспомогательные данные'!$C$19,IF(G15<0.92,'вспомогательные данные'!$C$20, IF(G15<2,'вспомогательные данные'!$C$21,'вспомогательные данные'!$C$22))) -> оптимальная работоспособность | I15: =IF(OR(ЦТО!AT14=1,ЦТО!AU14=1,ЦТО!AV14=1,ЦТО!AX14=1),"Положительная",IF(OR(ЦТО!AY14=1,ЦТО!AZ14=1,ЦТО!BA14=1),"Отрицательная",IF(OR(ЦТО!AW14=1),"Инфантильная"))) -> Отрицательная
... A28: =ЦТО!A27 -> 25 | B28: =ЦТО!B27 -> Щ | C28: =ЦТО!C27 -> 2 в | D28: =ЦТО!D27 -> 0 | E28: =SUM(ЦТО!BB27:BI27) -> 0 | F28: =IF(E28<10,'вспомогательные данные'!$C$26,IF(E28<19,'вспомогательные данные'!$C$25,'вспомогательные данные'!$C$24)) -> положительный | G28: =(18-ЦТО!AM27-ЦТО!AL27)/(18-ЦТО!AL27-ЦТО!AP27) -> #VALUE! | H28: =IF(G28<0.51,'вспомогательные данные'!$C$19,IF(G28<0.92,'вспомогательные данные'!$C$20, IF(G28<2,'вспомогательные данные'!$C$21,'вспомогательные данные'!$C$22))) -> #VALUE! | I28: =IF(OR(ЦТО!AT27=1,ЦТО!AU27=1,ЦТО!AV27=1,ЦТО!AX27=1),"Положительная",IF(OR(ЦТО!AY27=1,ЦТО!AZ27=1,ЦТО!BA27=1),"Отрицательная",IF(OR(ЦТО!AW27=1),"Инфантильная"))) -> FALSE
A29: =ЦТО!#REF! -> #REF! | B29: =ЦТО!#REF! -> #REF! | C29: =ЦТО!#REF! -> #REF! | D29: =ЦТО!#REF! -> #REF! | E29: =SUM(ЦТО!#REF!) -> #REF! | F29: =IF(E29<10,'вспомогательные данные'!$C$26,IF(E29<19,'вспомогательные данные'!$C$25,'вспомогательные данные'!$C$24)) -> #REF! | G29: =(18-ЦТО!#REF!-ЦТО!#REF!)/(18-ЦТО!#REF!-ЦТО!#REF!) -> #REF! | H29: =IF(G29<0.51,'вспомогательные данные'!$C$19,IF(G29<0.92,'вспомогательные данные'!$C$20, IF(G29<2,'вспомогательные данные'!$C$21,'вспомогательные данные'!$C$22))) -> #REF! | I29: =IF(OR(ЦТО!#REF!=1,ЦТО!#REF!=1,ЦТО!#REF!=1,ЦТО!#REF!=1),"Положительная",IF(OR(ЦТО!#REF!=1,ЦТО!#REF!=1,ЦТО!#REF!=1),"Отрицательная",IF(OR(ЦТО!#REF!=1),"Инфантильная"))) -> #REF!
A30: =ЦТО!#REF! -> #REF! | B30: =ЦТО!#REF! -> #REF! | C30: =ЦТО!#REF! -> #REF! | D30: =ЦТО!#REF! -> #REF! | E30: =SUM(ЦТО!#REF!) -> #REF! | F30: =IF(E30<10,'вспомогательные данные'!$C$26,IF(E30<19,'вспомогательные данные'!$C$25,'вспомогательные данные'!$C$24)) -> #REF! | G30: =(18-ЦТО!#REF!-ЦТО!#REF!)/(18-ЦТО!#REF!-ЦТО!#REF!) -> #REF! | H30: =IF(G30<0.51,'вспомогательные данные'!$C$19,IF(G30<0.92,'вспомогательные данные'!$C$20, IF(G30<2,'вспомогательные данные'!$C$21,'вспомогательные данные'!$C$22))) -> #REF! | I30: =IF(OR(ЦТО!#REF!=1,ЦТО!#REF!=1,ЦТО!#REF!=1,ЦТО!#REF!=1),"Положительная",IF(OR(ЦТО!#REF!=1,ЦТО!#REF!=1,ЦТО!#REF!=1),"Отрицательная",IF(OR(ЦТО!#REF!=1),"Инфантильная"))) -> #REF!
A31: =ЦТО!#REF! -> #REF! | B31: =ЦТО!#REF! -> #REF! | C31: =ЦТО!#REF! -> #REF! | D31: =ЦТО!#REF! -> #REF! | E31: =SUM(ЦТО!#REF!) -> #REF! | F31: =IF(E31<10,'вспомогательные данные'!$C$26,IF(E31<19,'вспомогательные данные'!$C$25,'вспомогательные данные'!$C$24)) -> #REF! | G31: =(18-ЦТО!#REF!-ЦТО!#REF!)/(18-ЦТО!#REF!-ЦТО!#REF!) -> #REF! | H31: =IF(G31<0.51,'вспомогательные данные'!$C$19,IF(G31<0.92,'вспомогательные данные'!$C$20, IF(G31<2,'вспомогательные данные'!$C$21,'вспомогательные данные'!$C$22))) -> #REF! | I31: =IF(OR(ЦТО!#REF!=1,ЦТО!#REF!=1,ЦТО!#REF!=1,ЦТО!#REF!=1),"Положительная",IF(OR(ЦТО!#REF!=1,ЦТО!#REF!=1,ЦТО!#REF!=1),"Отрицательная",IF(OR(ЦТО!#REF!=1),"Инфантильная"))) -> #REF!
A32: =ЦТО!#REF! -> #REF! | B32: =ЦТО!#REF! -> #REF! | C32: =ЦТО!#REF! -> #REF! | D32: =ЦТО!#REF! -> #REF! | E32: =SUM(ЦТО!#REF!) -> #REF! | F32: =IF(E32<10,'вспомогательные данные'!$C$26,IF(E32<19,'вспомогательные данные'!$C$25,'вспомогательные данные'!$C$24)) -> #REF! | G32: =(18-ЦТО!#REF!-ЦТО!#REF!)/(18-ЦТО!#REF!-ЦТО!#REF!) -> #REF! | H32: =IF(G32<0.51,'вспомогательные данные'!$C$19,IF(G32<0.92,'вспомогательные данные'!$C$20, IF(G32<2,'вспомогательные данные'!$C$21,'вспомогательные данные'!$C$22))) -> #REF! | I32: =IF(OR(ЦТО!#REF!=1,ЦТО!#REF!=1,ЦТО!#REF!=1,ЦТО!#REF!=1),"Положительная",IF(OR(ЦТО!#REF!=1,ЦТО!#REF!=1,ЦТО!#REF!=1),"Отрицательная",IF(OR(ЦТО!#REF!=1),"Инфантильная"))) -> #REF!
A33: =ЦТО!#REF! -> #REF! | B33: =ЦТО!#REF! -> #REF! | C33: =ЦТО!#REF! -> #REF! | D33: =ЦТО!#REF! -> #REF! | E33: =SUM(ЦТО!#REF!) -> #REF! | F33: =IF(E33<10,'вспомогательные данные'!$C$26,IF(E33<19,'вспомогательные данные'!$C$25,'вспомогательные данные'!$C$24)) -> #REF! | G33: =(18-ЦТО!#REF!-ЦТО!#REF!)/(18-ЦТО!#REF!-ЦТО!#REF!) -> #REF! | H33: =IF(G33<0.51,'вспомогательные данные'!$C$19,IF(G33<0.92,'вспомогательные данные'!$C$20, IF(G33<2,'вспомогательные данные'!$C$21,'вспомогательные данные'!$C$22))) -> #REF! | I33: =IF(OR(ЦТО!#REF!=1,ЦТО!#REF!=1,ЦТО!#REF!=1,ЦТО!#REF!=1),"Положительная",IF(OR(ЦТО!#REF!=1,ЦТО!#REF!=1,ЦТО!#REF!=1),"Отрицательная",IF(OR(ЦТО!#REF!=1),"Инфантильная"))) -> #REF!
A34: =ЦТО!#REF! -> #REF! | B34: =ЦТО!#REF! -> #REF! | C34: =ЦТО!#REF! -> #REF! | D34: =ЦТО!#REF! -> #REF! | E34: =SUM(ЦТО!#REF!) -> #REF! | F34: =IF(E34<10,'вспомогательные данные'!$C$26,IF(E34<19,'вспомогательные данные'!$C$25,'вспомогательные данные'!$C$24)) -> #REF! | G34: =(18-ЦТО!#REF!-ЦТО!#REF!)/(18-ЦТО!#REF!-ЦТО!#REF!) -> #REF! | H34: =IF(G34<0.51,'вспомогательные данные'!$C$19,IF(G34<0.92,'вспомогательные данные'!$C$20, IF(G34<2,'вспомогательные данные'!$C$21,'вспомогательные данные'!$C$22))) -> #REF! | I34: =IF(OR(ЦТО!#REF!=1,ЦТО!#REF!=1,ЦТО!#REF!=1,ЦТО!#REF!=1),"Положительная",IF(OR(ЦТО!#REF!=1,ЦТО!#REF!=1,ЦТО!#REF!=1),"Отрицательная",IF(OR(ЦТО!#REF!=1),"Инфантильная"))) -> #REF!
A35: =ЦТО!#REF! -> #REF! | B35: =ЦТО!#REF! -> #REF! | C35: =ЦТО!#REF! -> #REF! | D35: =ЦТО!#REF! -> #REF! | E35: =SUM(ЦТО!#REF!) -> #REF! | F35: =IF(E35<10,'вспомогательные данные'!$C$26,IF(E35<19,'вспомогательные данные'!$C$25,'вспомогательные данные'!$C$24)) -> #REF! | G35: =(18-ЦТО!#REF!-ЦТО!#REF!)/(18-ЦТО!#REF!-ЦТО!#REF!) -> #REF! | H35: =IF(G35<0.51,'вспомогательные данные'!$C$19,IF(G35<0.92,'вспомогательные данные'!$C$20, IF(G35<2,'вспомогательные данные'!$C$21,'вспомогательные данные'!$C$22))) -> #REF! | I35: =IF(OR(ЦТО!#REF!=1,ЦТО!#REF!=1,ЦТО!#REF!=1,ЦТО!#REF!=1),"Положительная",IF(OR(ЦТО!#REF!=1,ЦТО!#REF!=1,ЦТО!#REF!=1),"Отрицательная",IF(OR(ЦТО!#REF!=1),"Инфантильная"))) -> #REF!
A36: =ЦТО!#REF! -> #REF! | B36: =ЦТО!#REF! -> #REF! | C36: =ЦТО!#REF! -> #REF! | D36: =ЦТО!#REF! -> #REF! | E36: =SUM(ЦТО!#REF!) -> #REF! | F36: =IF(E36<10,'вспомогательные данные'!$C$26,IF(E36<19,'вспомогательные данные'!$C$25,'вспомогательные данные'!$C$24)) -> #REF! | G36: =(18-ЦТО!#REF!-ЦТО!#REF!)/(18-ЦТО!#REF!-ЦТО!#REF!) -> #REF! | H36: =IF(G36<0.51,'вспомогательные данные'!$C$19,IF(G36<0.92,'вспомогательные данные'!$C$20, IF(G36<2,'вспомогательные данные'!$C$21,'вспомогательные данные'!$C$22))) -> #REF! | I36: =IF(OR(ЦТО!#REF!=1,ЦТО!#REF!=1,ЦТО!#REF!=1,ЦТО!#REF!=1),"Положительная",IF(OR(ЦТО!#REF!=1,ЦТО!#REF!=1,ЦТО!#REF!=1),"Отрицательная",IF(OR(ЦТО!#REF!=1),"Инфантильная"))) -> #REF!
A37: =ЦТО!#REF! -> #REF! | B37: =ЦТО!#REF! -> #REF! | C37: =ЦТО!#REF! -> #REF! | D37: =ЦТО!#REF! -> #REF! | E37: =SUM(ЦТО!#REF!) -> #REF! | F37: =IF(E37<10,'вспомогательные данные'!$C$26,IF(E37<19,'вспомогательные данные'!$C$25,'вспомогательные данные'!$C$24)) -> #REF! | G37: =(18-ЦТО!#REF!-ЦТО!#REF!)/(18-ЦТО!#REF!-ЦТО!#REF!) -> #REF! | H37: =IF(G37<0.51,'вспомогательные данные'!$C$19,IF(G37<0.92,'вспомогательные данные'!$C$20, IF(G37<2,'вспомогательные данные'!$C$21,'вспомогательные данные'!$C$22))) -> #REF! | I37: =IF(OR(ЦТО!#REF!=1,ЦТО!#REF!=1,ЦТО!#REF!=1,ЦТО!#REF!=1),"Положительная",IF(OR(ЦТО!#REF!=1,ЦТО!#REF!=1,ЦТО!#REF!=1),"Отрицательная",IF(OR(ЦТО!#REF!=1),"Инфантильная"))) -> #REF!
A38: =ЦТО!#REF! -> #REF! | B38: =ЦТО!#REF! -> #REF! | C38: =ЦТО!#REF! -> #REF! | D38: =ЦТО!#REF! -> #REF! | E38: =SUM(ЦТО!#REF!) -> #REF! | F38: =IF(E38<10,'вспомогательные данные'!$C$26,IF(E38<19,'вспомогательные данные'!$C$25,'вспомогательные данные'!$C$24)) -> #REF! | G38: =(18-ЦТО!#REF!-ЦТО!#REF!)/(18-ЦТО!#REF!-ЦТО!#REF!) -> #REF! | H38: =IF(G38<0.51,'вспомогательные данные'!$C$19,IF(G38<0.92,'вспомогательные данные'!$C$20, IF(G38<2,'вспомогательные данные'!$C$21,'вспомогательные данные'!$C$22))) -> #REF! | I38: =IF(OR(ЦТО!#REF!=1,ЦТО!#REF!=1,ЦТО!#REF!=1,ЦТО!#REF!=1),"Положительная",IF(OR(ЦТО!#REF!=1,ЦТО!#REF!=1,ЦТО!#REF!=1),"Отрицательная",IF(OR(ЦТО!#REF!=1),"Инфантильная"))) -> #REF!
A39: =ЦТО!#REF! -> #REF! | B39: =ЦТО!#REF! -> #REF! | C39: =ЦТО!#REF! -> #REF! | D39: =ЦТО!#REF! -> #REF! | E39: =SUM(ЦТО!#REF!) -> #REF! | F39: =IF(E39<10,'вспомогательные данные'!$C$26,IF(E39<19,'вспомогательные данные'!$C$25,'вспомогательные данные'!$C$24)) -> #REF! | G39: =(18-ЦТО!#REF!-ЦТО!#REF!)/(18-ЦТО!#REF!-ЦТО!#REF!) -> #REF! | H39: =IF(G39<0.51,'вспомогательные данные'!$C$19,IF(G39<0.92,'вспомогательные данные'!$C$20, IF(G39<2,'вспомогательные данные'!$C$21,'вспомогательные данные'!$C$22))) -> #REF! | I39: =IF(OR(ЦТО!#REF!=1,ЦТО!#REF!=1,ЦТО!#REF!=1,ЦТО!#REF!=1),"Положительная",IF(OR(ЦТО!#REF!=1,ЦТО!#REF!=1,ЦТО!#REF!=1),"Отрицательная",IF(OR(ЦТО!#REF!=1),"Инфантильная"))) -> #REF!
A40: =ЦТО!#REF! -> #REF! | B40: =ЦТО!#REF! -> #REF! | C40: =ЦТО!#REF! -> #REF! | D40: =ЦТО!#REF! -> #REF! | E40: =SUM(ЦТО!#REF!) -> #REF! | F40: =IF(E40<10,'вспомогательные данные'!$C$26,IF(E40<19,'вспомогательные данные'!$C$25,'вспомогательные данные'!$C$24)) -> #REF! | G40: =(18-ЦТО!#REF!-ЦТО!#REF!)/(18-ЦТО!#REF!-ЦТО!#REF!) -> #REF! | H40: =IF(G40<0.51,'вспомогательные данные'!$C$19,IF(G40<0.92,'вспомогательные данные'!$C$20, IF(G40<2,'вспомогательные данные'!$C$21,'вспомогательные данные'!$C$22))) -> #REF! | I40: =IF(OR(ЦТО!#REF!=1,ЦТО!#REF!=1,ЦТО!#REF!=1,ЦТО!#REF!=1),"Положительная",IF(OR(ЦТО!#REF!=1,ЦТО!#REF!=1,ЦТО!#REF!=1),"Отрицательная",IF(OR(ЦТО!#REF!=1),"Инфантильная"))) -> #REF!
... A121: =ЦТО!#REF! -> #REF! | B121: =ЦТО!#REF! -> #REF! | C121: =ЦТО!#REF! -> #REF! | D121: =ЦТО!#REF! -> #REF! | E121: =SUM(ЦТО!#REF!) -> #REF! | F121: =IF(E121<10,'вспомогательные данные'!$C$26,IF(E121<19,'вспомогательные данные'!$C$25,'вспомогательные данные'!$C$24)) -> #REF! | G121: =(18-ЦТО!#REF!-ЦТО!#REF!)/(18-ЦТО!#REF!-ЦТО!#REF!) -> #REF! | H121: =IF(G121<0.51,'вспомогательные данные'!$C$19,IF(G121<0.92,'вспомогательные данные'!$C$20, IF(G121<2,'вспомогательные данные'!$C$21,'вспомогательные данные'!$C$22))) -> #REF! | I121: =IF(OR(ЦТО!#REF!=1,ЦТО!#REF!=1,ЦТО!#REF!=1,ЦТО!#REF!=1),"Положительная",IF(OR(ЦТО!#REF!=1,ЦТО!#REF!=1,ЦТО!#REF!=1),"Отрицательная",IF(OR(ЦТО!#REF!=1),"Инфантильная"))) -> #REF!
A122: =ЦТО!#REF! -> #REF! | B122: =ЦТО!#REF! -> #REF! | D122: =ЦТО!#REF! -> #REF! | E122: =SUM(ЦТО!#REF!) -> #REF! | F122: =IF(E122<10,'вспомогательные данные'!$C$26,IF(E122<19,'вспомогательные данные'!$C$25,'вспомогательные данные'!$C$24)) -> #REF! | G122: =(18-ЦТО!#REF!-ЦТО!#REF!)/(18-ЦТО!#REF!-ЦТО!#REF!) -> #REF! | H122: =IF(G122<0.51,'вспомогательные данные'!$C$19,IF(G122<0.92,'вспомогательные данные'!$C$20, IF(G122<2,'вспомогательные данные'!$C$21,'вспомогательные данные'!$C$22))) -> #REF! | I122: =IF(OR(ЦТО!#REF!=1,ЦТО!#REF!=1,ЦТО!#REF!=1,ЦТО!#REF!=1),"Положительная",IF(OR(ЦТО!#REF!=1,ЦТО!#REF!=1,ЦТО!#REF!=1),"Отрицательная",IF(OR(ЦТО!#REF!=1),"Инфантильная"))) -> #REF!
A123: =ЦТО!#REF! -> #REF! | B123: =ЦТО!B29 -> 0 | C123: =ЦТО!#REF! -> #REF! | D123: =ЦТО!#REF! -> #REF! | E123: =SUM(ЦТО!#REF!) -> #REF! | F123: =IF(E123<10,'вспомогательные данные'!$C$26,IF(E123<19,'вспомогательные данные'!$C$25,'вспомогательные данные'!$C$24)) -> #REF! | G123: =(18-ЦТО!AM28-ЦТО!AL28)/(18-ЦТО!AL28-ЦТО!AP28) -> 1 | H123: =IF(G123<0.51,'вспомогательные данные'!$C$19,IF(G123<0.92,'вспомогательные данные'!$C$20, IF(G123<2,'вспомогательные данные'!$C$21,'вспомогательные данные'!$C$22))) -> оптимальная работоспособность | I123: =IF(OR(ЦТО!AT28=1,ЦТО!AU28=1,ЦТО!AV28=1,ЦТО!AX28=1),"Положительная",IF(OR(ЦТО!AY28=1,ЦТО!AZ28=1,ЦТО!BA28=1),"Отрицательная",IF(OR(ЦТО!AW28=1),"Инфантильная"))) -> FALSE
A124: =ЦТО!A28 -> 0 | B124: =ЦТО!B30 -> 0 | C124: =ЦТО!C28 -> 0 | D124: =ЦТО!D28 -> 0 | E124: =SUM(ЦТО!BB28:BI28) -> 0 | F124: =IF(E124<10,'вспомогательные данные'!$C$26,IF(E124<19,'вспомогательные данные'!$C$25,'вспомогательные данные'!$C$24)) -> положительный | G124: =(18-ЦТО!AM29-ЦТО!AL29)/(18-ЦТО!AL29-ЦТО!AP29) -> 1 | H124: =IF(G124<0.51,'вспомогательные данные'!$C$19,IF(G124<0.92,'вспомогательные данные'!$C$20, IF(G124<2,'вспомогательные данные'!$C$21,'вспомогательные данные'!$C$22))) -> оптимальная работоспособность | I124: =IF(OR(ЦТО!AT29=1,ЦТО!AU29=1,ЦТО!AV29=1,ЦТО!AX29=1),"Положительная",IF(OR(ЦТО!AY29=1,ЦТО!AZ29=1,ЦТО!BA29=1),"Отрицательная",IF(OR(ЦТО!AW29=1),"Инфантильная"))) -> FALSE
A125: =ЦТО!A29 -> 0 | B125: =ЦТО!B31 -> 0 | C125: =ЦТО!C29 -> 0 | D125: =ЦТО!D29 -> 0 | E125: =SUM(ЦТО!BB29:BI29) -> 0 | F125: =IF(E125<10,'вспомогательные данные'!$C$26,IF(E125<19,'вспомогательные данные'!$C$25,'вспомогательные данные'!$C$24)) -> положительный | G125: =(18-ЦТО!AM30-ЦТО!AL30)/(18-ЦТО!AL30-ЦТО!AP30) -> 1 | H125: =IF(G125<0.51,'вспомогательные данные'!$C$19,IF(G125<0.92,'вспомогательные данные'!$C$20, IF(G125<2,'вспомогательные данные'!$C$21,'вспомогательные данные'!$C$22))) -> оптимальная работоспособность | I125: =IF(OR(ЦТО!AT30=1,ЦТО!AU30=1,ЦТО!AV30=1,ЦТО!AX30=1),"Положительная",IF(OR(ЦТО!AY30=1,ЦТО!AZ30=1,ЦТО!BA30=1),"Отрицательная",IF(OR(ЦТО!AW30=1),"Инфантильная"))) -> FALSE
A126: =ЦТО!A30 -> 0 | B126: =ЦТО!B32 -> 0 | C126: =ЦТО!C30 -> 0 | D126: =ЦТО!D30 -> 0 | E126: =SUM(ЦТО!BB30:BI30) -> 0 | F126: =IF(E126<10,'вспомогательные данные'!$C$26,IF(E126<19,'вспомогательные данные'!$C$25,'вспомогательные данные'!$C$24)) -> положительный | G126: =(18-ЦТО!AM31-ЦТО!AL31)/(18-ЦТО!AL31-ЦТО!AP31) -> 1 | H126: =IF(G126<0.51,'вспомогательные данные'!$C$19,IF(G126<0.92,'вспомогательные данные'!$C$20, IF(G126<2,'вспомогательные данные'!$C$21,'вспомогательные данные'!$C$22))) -> оптимальная работоспособность | I126: =IF(OR(ЦТО!AT31=1,ЦТО!AU31=1,ЦТО!AV31=1,ЦТО!AX31=1),"Положительная",IF(OR(ЦТО!AY31=1,ЦТО!AZ31=1,ЦТО!BA31=1),"Отрицательная",IF(OR(ЦТО!AW31=1),"Инфантильная"))) -> FALSE
A127: =ЦТО!A31 -> 0 | B127: =ЦТО!B33 -> 0 | C127: =ЦТО!C31 -> 0 | D127: =ЦТО!D31 -> 0 | E127: =SUM(ЦТО!BB31:BI31) -> 0 | F127: =IF(E127<10,'вспомогательные данные'!$C$26,IF(E127<19,'вспомогательные данные'!$C$25,'вспомогательные данные'!$C$24)) -> положительный | G127: =(18-ЦТО!AM32-ЦТО!AL32)/(18-ЦТО!AL32-ЦТО!AP32) -> 1 | H127: =IF(G127<0.51,'вспомогательные данные'!$C$19,IF(G127<0.92,'вспомогательные данные'!$C$20, IF(G127<2,'вспомогательные данные'!$C$21,'вспомогательные данные'!$C$22))) -> оптимальная работоспособность | I127: =IF(OR(ЦТО!AT32=1,ЦТО!AU32=1,ЦТО!AV32=1,ЦТО!AX32=1),"Положительная",IF(OR(ЦТО!AY32=1,ЦТО!AZ32=1,ЦТО!BA32=1),"Отрицательная",IF(OR(ЦТО!AW32=1),"Инфантильная"))) -> FALSE
A128: =ЦТО!A32 -> 0 | B128: =ЦТО!B34 -> 0 | C128: =ЦТО!C32 -> 0 | D128: =ЦТО!D32 -> 0 | E128: =SUM(ЦТО!BB32:BI32) -> 0 | F128: =IF(E128<10,'вспомогательные данные'!$C$26,IF(E128<19,'вспомогательные данные'!$C$25,'вспомогательные данные'!$C$24)) -> положительный | G128: =(18-ЦТО!AM33-ЦТО!AL33)/(18-ЦТО!AL33-ЦТО!AP33) -> 1 | H128: =IF(G128<0.51,'вспомогательные данные'!$C$19,IF(G128<0.92,'вспомогательные данные'!$C$20, IF(G128<2,'вспомогательные данные'!$C$21,'вспомогательные данные'!$C$22))) -> оптимальная работоспособность | I128: =IF(OR(ЦТО!AT33=1,ЦТО!AU33=1,ЦТО!AV33=1,ЦТО!AX33=1),"Положительная",IF(OR(ЦТО!AY33=1,ЦТО!AZ33=1,ЦТО!BA33=1),"Отрицательная",IF(OR(ЦТО!AW33=1),"Инфантильная"))) -> FALSE
A129: =ЦТО!A33 -> 0 | B129: =ЦТО!B35 -> 0 | C129: =ЦТО!C33 -> 0 | D129: =ЦТО!D33 -> 0 | E129: =SUM(ЦТО!BB33:BI33) -> 0 | F129: =IF(E129<10,'вспомогательные данные'!$C$26,IF(E129<19,'вспомогательные данные'!$C$25,'вспомогательные данные'!$C$24)) -> положительный | G129: =(18-ЦТО!AM34-ЦТО!AL34)/(18-ЦТО!AL34-ЦТО!AP34) -> 1 | H129: =IF(G129<0.51,'вспомогательные данные'!$C$19,IF(G129<0.92,'вспомогательные данные'!$C$20, IF(G129<2,'вспомогательные данные'!$C$21,'вспомогательные данные'!$C$22))) -> оптимальная работоспособность | I129: =IF(OR(ЦТО!AT34=1,ЦТО!AU34=1,ЦТО!AV34=1,ЦТО!AX34=1),"Положительная",IF(OR(ЦТО!AY34=1,ЦТО!AZ34=1,ЦТО!BA34=1),"Отрицательная",IF(OR(ЦТО!AW34=1),"Инфантильная"))) -> FALSE
A130: =ЦТО!A34 -> 0 | B130: =ЦТО!B36 -> 0 | C130: =ЦТО!C34 -> 0 | D130: =ЦТО!D34 -> 0 | E130: =SUM(ЦТО!BB34:BI34) -> 0 | F130: =IF(E130<10,'вспомогательные данные'!$C$26,IF(E130<19,'вспомогательные данные'!$C$25,'вспомогательные данные'!$C$24)) -> положительный | G130: =(18-ЦТО!AM35-ЦТО!AL35)/(18-ЦТО!AL35-ЦТО!AP35) -> 1 | H130: =IF(G130<0.51,'вспомогательные данные'!$C$19,IF(G130<0.92,'вспомогательные данные'!$C$20, IF(G130<2,'вспомогательные данные'!$C$21,'вспомогательные данные'!$C$22))) -> оптимальная работоспособность | I130: =IF(OR(ЦТО!AT35=1,ЦТО!AU35=1,ЦТО!AV35=1,ЦТО!AX35=1),"Положительная",IF(OR(ЦТО!AY35=1,ЦТО!AZ35=1,ЦТО!BA35=1),"Отрицательная",IF(OR(ЦТО!AW35=1),"Инфантильная"))) -> FALSE
A131: =ЦТО!A35 -> 0 | B131: =ЦТО!B37 -> 0 | C131: =ЦТО!C35 -> 0 | D131: =ЦТО!D35 -> 0 | E131: =SUM(ЦТО!BB35:BI35) -> 0 | F131: =IF(E131<10,'вспомогательные данные'!$C$26,IF(E131<19,'вспомогательные данные'!$C$25,'вспомогательные данные'!$C$24)) -> положительный | G131: =(18-ЦТО!AM36-ЦТО!AL36)/(18-ЦТО!AL36-ЦТО!AP36) -> 1 | H131: =IF(G131<0.51,'вспомогательные данные'!$C$19,IF(G131<0.92,'вспомогательные данные'!$C$20, IF(G131<2,'вспомогательные данные'!$C$21,'вспомогательные данные'!$C$22))) -> оптимальная работоспособность | I131: =IF(OR(ЦТО!AT36=1,ЦТО!AU36=1,ЦТО!AV36=1,ЦТО!AX36=1),"Положительная",IF(OR(ЦТО!AY36=1,ЦТО!AZ36=1,ЦТО!BA36=1),"Отрицательная",IF(OR(ЦТО!AW36=1),"Инфантильная"))) -> FALSE
A132: =ЦТО!A36 -> 0 | B132: =ЦТО!B38 -> 0 | C132: =ЦТО!C36 -> 0 | D132: =ЦТО!D36 -> 0 | E132: =SUM(ЦТО!BB36:BI36) -> 0 | F132: =IF(E132<10,'вспомогательные данные'!$C$26,IF(E132<19,'вспомогательные данные'!$C$25,'вспомогательные данные'!$C$24)) -> положительный | G132: =(18-ЦТО!AM37-ЦТО!AL37)/(18-ЦТО!AL37-ЦТО!AP37) -> 1 | H132: =IF(G132<0.51,'вспомогательные данные'!$C$19,IF(G132<0.92,'вспомогательные данные'!$C$20, IF(G132<2,'вспомогательные данные'!$C$21,'вспомогательные данные'!$C$22))) -> оптимальная работоспособность | I132: =IF(OR(ЦТО!AT37=1,ЦТО!AU37=1,ЦТО!AV37=1,ЦТО!AX37=1),"Положительная",IF(OR(ЦТО!AY37=1,ЦТО!AZ37=1,ЦТО!BA37=1),"Отрицательная",IF(OR(ЦТО!AW37=1),"Инфантильная"))) -> FALSE
A133: =ЦТО!A37 -> 0 | B133: =ЦТО!B39 -> 0 | C133: =ЦТО!C37 -> 0 | D133: =ЦТО!D37 -> 0 | E133: =SUM(ЦТО!BB37:BI37) -> 0 | F133: =IF(E133<10,'вспомогательные данные'!$C$26,IF(E133<19,'вспомогательные данные'!$C$25,'вспомогательные данные'!$C$24)) -> положительный | G133: =(18-ЦТО!AM38-ЦТО!AL38)/(18-ЦТО!AL38-ЦТО!AP38) -> 1 | H133: =IF(G133<0.51,'вспомогательные данные'!$C$19,IF(G133<0.92,'вспомогательные данные'!$C$20, IF(G133<2,'вспомогательные данные'!$C$21,'вспомогательные данные'!$C$22))) -> оптимальная работоспособность | I133: =IF(OR(ЦТО!AT38=1,ЦТО!AU38=1,ЦТО!AV38=1,ЦТО!AX38=1),"Положительная",IF(OR(ЦТО!AY38=1,ЦТО!AZ38=1,ЦТО!BA38=1),"Отрицательная",IF(OR(ЦТО!AW38=1),"Инфантильная"))) -> FALSE
A134: =ЦТО!A38 -> 0 | B134: =ЦТО!B40 -> 0 | C134: =ЦТО!C38 -> 0 | D134: =ЦТО!D38 -> 0 | E134: =SUM(ЦТО!BB38:BI38) -> 0 | F134: =IF(E134<10,'вспомогательные данные'!$C$26,IF(E134<19,'вспомогательные данные'!$C$25,'вспомогательные данные'!$C$24)) -> положительный | G134: =(18-ЦТО!AM39-ЦТО!AL39)/(18-ЦТО!AL39-ЦТО!AP39) -> 1 | H134: =IF(G134<0.51,'вспомогательные данные'!$C$19,IF(G134<0.92,'вспомогательные данные'!$C$20, IF(G134<2,'вспомогательные данные'!$C$21,'вспомогательные данные'!$C$22))) -> оптимальная работоспособность | I134: =IF(OR(ЦТО!AT39=1,ЦТО!AU39=1,ЦТО!AV39=1,ЦТО!AX39=1),"Положительная",IF(OR(ЦТО!AY39=1,ЦТО!AZ39=1,ЦТО!BA39=1),"Отрицательная",IF(OR(ЦТО!AW39=1),"Инфантильная"))) -> FALSE
A135: =ЦТО!A39 -> 0 | B135: =ЦТО!B41 -> 0 | C135: =ЦТО!C39 -> 0 | D135: =ЦТО!D39 -> 0 | E135: =SUM(ЦТО!BB39:BI39) -> 0 | F135: =IF(E135<10,'вспомогательные данные'!$C$26,IF(E135<19,'вспомогательные данные'!$C$25,'вспомогательные данные'!$C$24)) -> положительный | G135: =(18-ЦТО!AM40-ЦТО!AL40)/(18-ЦТО!AL40-ЦТО!AP40) -> 1 | H135: =IF(G135<0.51,'вспомогательные данные'!$C$19,IF(G135<0.92,'вспомогательные данные'!$C$20, IF(G135<2,'вспомогательные данные'!$C$21,'вспомогательные данные'!$C$22))) -> оптимальная работоспособность | I135: =IF(OR(ЦТО!AT40=1,ЦТО!AU40=1,ЦТО!AV40=1,ЦТО!AX40=1),"Положительная",IF(OR(ЦТО!AY40=1,ЦТО!AZ40=1,ЦТО!BA40=1),"Отрицательная",IF(OR(ЦТО!AW40=1),"Инфантильная"))) -> FALSE
... A194: =ЦТО!A98 -> 0 | B194: =ЦТО!B100 -> 0 | C194: =ЦТО!C98 -> 0 | D194: =ЦТО!D98 -> 0 | E194: =SUM(ЦТО!BB98:BI98) -> 0 | F194: =IF(E194<10,'вспомогательные данные'!$C$26,IF(E194<19,'вспомогательные данные'!$C$25,'вспомогательные данные'!$C$24)) -> положительный | G194: =(18-ЦТО!AM99-ЦТО!AL99)/(18-ЦТО!AL99-ЦТО!AP99) -> 1 | H194: =IF(G194<0.51,'вспомогательные данные'!$C$19,IF(G194<0.92,'вспомогательные данные'!$C$20, IF(G194<2,'вспомогательные данные'!$C$21,'вспомогательные данные'!$C$22))) -> оптимальная работоспособность | I194: =IF(OR(ЦТО!AT99=1,ЦТО!AU99=1,ЦТО!AV99=1,ЦТО!AX99=1),"Положительная",IF(OR(ЦТО!AY99=1,ЦТО!AZ99=1,ЦТО!BA99=1),"Отрицательная",IF(OR(ЦТО!AW99=1),"Инфантильная"))) -> FALSE
A195: =ЦТО!A99 -> 0 | B195: =ЦТО!B101 -> 0 | C195: =ЦТО!C99 -> 0 | D195: =ЦТО!D99 -> 0 | E195: =SUM(ЦТО!BB99:BI99) -> 0 | F195: =IF(E195<10,'вспомогательные данные'!$C$26,IF(E195<19,'вспомогательные данные'!$C$25,'вспомогательные данные'!$C$24)) -> положительный | G195: =(18-ЦТО!AM99-ЦТО!AL99)/(18-ЦТО!AL99-ЦТО!AP99) -> 1 | H195: =IF(G195<0.51,'вспомогательные данные'!$C$19,IF(G195<0.92,'вспомогательные данные'!$C$20, IF(G195<2,'вспомогательные данные'!$C$21,'вспомогательные данные'!$C$22))) -> оптимальная работоспособность | I195: =IF(OR(ЦТО!AT100=1,ЦТО!AU100=1,ЦТО!AV100=1,ЦТО!AX100=1),"Положительная",IF(OR(ЦТО!AY100=1,ЦТО!AZ100=1,ЦТО!BA100=1),"Отрицательная",IF(OR(ЦТО!AW100=1),"Инфантильная"))) -> FALSE
A196: =ЦТО!A100 -> 0 | B196: =ЦТО!B102 -> 0 | C196: =ЦТО!C100 -> 0 | D196: =ЦТО!D100 -> 0 | E196: =SUM(ЦТО!BB100:BI100) -> 0 | F196: =IF(E196<10,'вспомогательные данные'!$C$26,IF(E196<19,'вспомогательные данные'!$C$25,'вспомогательные данные'!$C$24)) -> положительный | G196: =(18-ЦТО!AM100-ЦТО!AL100)/(18-ЦТО!AL100-ЦТО!AP100) -> 1 | H196: =IF(G196<0.51,'вспомогательные данные'!$C$19,IF(G196<0.92,'вспомогательные данные'!$C$20, IF(G196<2,'вспомогательные данные'!$C$21,'вспомогательные данные'!$C$22))) -> оптимальная работоспособность | I196: =IF(OR(ЦТО!AT101=1,ЦТО!AU101=1,ЦТО!AV101=1,ЦТО!AX101=1),"Положительная",IF(OR(ЦТО!AY101=1,ЦТО!AZ101=1,ЦТО!BA101=1),"Отрицательная",IF(OR(ЦТО!AW101=1),"Инфантильная"))) -> FALSE
A197: =ЦТО!A101 -> 0 | B197: =ЦТО!B103 -> 0 | C197: =ЦТО!C101 -> 0 | D197: =ЦТО!D101 -> 0 | E197: =SUM(ЦТО!BB101:BI101) -> 0 | F197: =IF(E197<10,'вспомогательные данные'!$C$26,IF(E197<19,'вспомогательные данные'!$C$25,'вспомогательные данные'!$C$24)) -> положительный | G197: =(18-ЦТО!AM101-ЦТО!AL101)/(18-ЦТО!AL101-ЦТО!AP101) -> 1 | H197: =IF(G197<0.51,'вспомогательные данные'!$C$19,IF(G197<0.92,'вспомогательные данные'!$C$20, IF(G197<2,'вспомогательные данные'!$C$21,'вспомогательные данные'!$C$22))) -> оптимальная работоспособность | I197: =IF(OR(ЦТО!AT102=1,ЦТО!AU102=1,ЦТО!AV102=1,ЦТО!AX102=1),"Положительная",IF(OR(ЦТО!AY102=1,ЦТО!AZ102=1,ЦТО!BA102=1),"Отрицательная",IF(OR(ЦТО!AW102=1),"Инфантильная"))) -> FALSE
A198: =ЦТО!A102 -> 0 | B198: =ЦТО!B104 -> 0 | C198: =ЦТО!C102 -> 0 | D198: =ЦТО!D102 -> 0 | E198: =SUM(ЦТО!BB102:BI102) -> 0 | F198: =IF(E198<10,'вспомогательные данные'!$C$26,IF(E198<19,'вспомогательные данные'!$C$25,'вспомогательные данные'!$C$24)) -> положительный | G198: =(18-ЦТО!AM102-ЦТО!AL102)/(18-ЦТО!AL102-ЦТО!AP102) -> 1 | H198: =IF(G198<0.51,'вспомогательные данные'!$C$19,IF(G198<0.92,'вспомогательные данные'!$C$20, IF(G198<2,'вспомогательные данные'!$C$21,'вспомогательные данные'!$C$22))) -> оптимальная работоспособность | I198: =IF(OR(ЦТО!AT103=1,ЦТО!AU103=1,ЦТО!AV103=1,ЦТО!AX103=1),"Положительная",IF(OR(ЦТО!AY103=1,ЦТО!AZ103=1,ЦТО!BA103=1),"Отрицательная",IF(OR(ЦТО!AW103=1),"Инфантильная"))) -> FALSE
A199: =ЦТО!A103 -> 0 | B199: =ЦТО!B105 -> 0 | C199: =ЦТО!C103 -> 0 | D199: =ЦТО!D103 -> 0 | E199: =SUM(ЦТО!BB103:BI103) -> 0 | F199: =IF(E199<10,'вспомогательные данные'!$C$26,IF(E199<19,'вспомогательные данные'!$C$25,'вспомогательные данные'!$C$24)) -> положительный | G199: =(18-ЦТО!AM103-ЦТО!AL103)/(18-ЦТО!AL103-ЦТО!AP103) -> 1 | H199: =IF(G199<0.51,'вспомогательные данные'!$C$19,IF(G199<0.92,'вспомогательные данные'!$C$20, IF(G199<2,'вспомогательные данные'!$C$21,'вспомогательные данные'!$C$22))) -> оптимальная работоспособность | I199: =IF(OR(ЦТО!AT104=1,ЦТО!AU104=1,ЦТО!AV104=1,ЦТО!AX104=1),"Положительная",IF(OR(ЦТО!AY104=1,ЦТО!AZ104=1,ЦТО!BA104=1),"Отрицательная",IF(OR(ЦТО!AW104=1),"Инфантильная"))) -> FALSE
A200: =ЦТО!A104 -> 0 | B200: =ЦТО!B106 -> 0 | C200: =ЦТО!C104 -> 0 | D200: =ЦТО!D104 -> 0 | E200: =SUM(ЦТО!BB104:BI104) -> 0 | F200: =IF(E200<10,'вспомогательные данные'!$C$26,IF(E200<19,'вспомогательные данные'!$C$25,'вспомогательные данные'!$C$24)) -> положительный | G200: =(18-ЦТО!AM104-ЦТО!AL104)/(18-ЦТО!AL104-ЦТО!AP104) -> 1 | H200: =IF(G200<0.51,'вспомогательные данные'!$C$19,IF(G200<0.92,'вспомогательные данные'!$C$20, IF(G200<2,'вспомогательные данные'!$C$21,'вспомогательные данные'!$C$22))) -> оптимальная работоспособность | I200: =IF(OR(ЦТО!AT105=1,ЦТО!AU105=1,ЦТО!AV105=1,ЦТО!AX105=1),"Положительная",IF(OR(ЦТО!AY105=1,ЦТО!AZ105=1,ЦТО!BA105=1),"Отрицательная",IF(OR(ЦТО!AW105=1),"Инфантильная"))) -> FALSE
A201: =ЦТО!A105 -> 0 | B201: =ЦТО!B107 -> 0 | C201: =ЦТО!C105 -> 0 | D201: =ЦТО!D105 -> 0 | E201: =SUM(ЦТО!BB105:BI105) -> 0 | F201: =IF(E201<10,'вспомогательные данные'!$C$26,IF(E201<19,'вспомогательные данные'!$C$25,'вспомогательные данные'!$C$24)) -> положительный | G201: =(18-ЦТО!AM105-ЦТО!AL105)/(18-ЦТО!AL105-ЦТО!AP105) -> 1 | H201: =IF(G201<0.51,'вспомогательные данные'!$C$19,IF(G201<0.92,'вспомогательные данные'!$C$20, IF(G201<2,'вспомогательные данные'!$C$21,'вспомогательные данные'!$C$22))) -> оптимальная работоспособность | I201: =IF(OR(ЦТО!AT106=1,ЦТО!AU106=1,ЦТО!AV106=1,ЦТО!AX106=1),"Положительная",IF(OR(ЦТО!AY106=1,ЦТО!AZ106=1,ЦТО!BA106=1),"Отрицательная",IF(OR(ЦТО!AW106=1),"Инфантильная"))) -> FALSE
A202: =ЦТО!A106 -> 0 | B202: =ЦТО!B108 -> 0 | C202: =ЦТО!C106 -> 0 | D202: =ЦТО!D106 -> 0 | E202: =SUM(ЦТО!BB106:BI106) -> 0 | F202: =IF(E202<10,'вспомогательные данные'!$C$26,IF(E202<19,'вспомогательные данные'!$C$25,'вспомогательные данные'!$C$24)) -> положительный | G202: =(18-ЦТО!AM106-ЦТО!AL106)/(18-ЦТО!AL106-ЦТО!AP106) -> 1 | H202: =IF(G202<0.51,'вспомогательные данные'!$C$19,IF(G202<0.92,'вспомогательные данные'!$C$20, IF(G202<2,'вспомогательные данные'!$C$21,'вспомогательные данные'!$C$22))) -> оптимальная работоспособность | I202: =IF(OR(ЦТО!AT107=1,ЦТО!AU107=1,ЦТО!AV107=1,ЦТО!AX107=1),"Положительная",IF(OR(ЦТО!AY107=1,ЦТО!AZ107=1,ЦТО!BA107=1),"Отрицательная",IF(OR(ЦТО!AW107=1),"Инфантильная"))) -> FALSE
A203: =ЦТО!A107 -> 0 | B203: =ЦТО!B109 -> 0 | C203: =ЦТО!C107 -> 0 | D203: =ЦТО!D107 -> 0 | E203: =SUM(ЦТО!BB107:BI107) -> 0 | F203: =IF(E203<10,'вспомогательные данные'!$C$26,IF(E203<19,'вспомогательные данные'!$C$25,'вспомогательные данные'!$C$24)) -> положительный | G203: =(18-ЦТО!AM107-ЦТО!AL107)/(18-ЦТО!AL107-ЦТО!AP107) -> 1 | H203: =IF(G203<0.51,'вспомогательные данные'!$C$19,IF(G203<0.92,'вспомогательные данные'!$C$20, IF(G203<2,'вспомогательные данные'!$C$21,'вспомогательные данные'!$C$22))) -> оптимальная работоспособность | I203: =IF(OR(ЦТО!AT108=1,ЦТО!AU108=1,ЦТО!AV108=1,ЦТО!AX108=1),"Положительная",IF(OR(ЦТО!AY108=1,ЦТО!AZ108=1,ЦТО!BA108=1),"Отрицательная",IF(OR(ЦТО!AW108=1),"Инфантильная"))) -> FALSE
A204: =ЦТО!A108 -> 0 | B204: =ЦТО!B110 -> 0 | C204: =ЦТО!C108 -> 0 | D204: =ЦТО!D108 -> 0 | E204: =SUM(ЦТО!BB108:BI108) -> 0 | F204: =IF(E204<10,'вспомогательные данные'!$C$26,IF(E204<19,'вспомогательные данные'!$C$25,'вспомогательные данные'!$C$24)) -> положительный | G204: =(18-ЦТО!AM108-ЦТО!AL108)/(18-ЦТО!AL108-ЦТО!AP108) -> 1 | H204: =IF(G204<0.51,'вспомогательные данные'!$C$19,IF(G204<0.92,'вспомогательные данные'!$C$20, IF(G204<2,'вспомогательные данные'!$C$21,'вспомогательные данные'!$C$22))) -> оптимальная работоспособность | I204: =IF(OR(ЦТО!AT109=1,ЦТО!AU109=1,ЦТО!AV109=1,ЦТО!AX109=1),"Положительная",IF(OR(ЦТО!AY109=1,ЦТО!AZ109=1,ЦТО!BA109=1),"Отрицательная",IF(OR(ЦТО!AW109=1),"Инфантильная"))) -> FALSE
A205: =ЦТО!A109 -> 0 | B205: =ЦТО!B111 -> 0 | C205: =ЦТО!C109 -> 0 | D205: =ЦТО!D109 -> 0 | E205: =SUM(ЦТО!BB109:BI109) -> 0 | F205: =IF(E205<10,'вспомогательные данные'!$C$26,IF(E205<19,'вспомогательные данные'!$C$25,'вспомогательные данные'!$C$24)) -> положительный | G205: =(18-ЦТО!AM109-ЦТО!AL109)/(18-ЦТО!AL109-ЦТО!AP109) -> 1 | H205: =IF(G205<0.51,'вспомогательные данные'!$C$19,IF(G205<0.92,'вспомогательные данные'!$C$20, IF(G205<2,'вспомогательные данные'!$C$21,'вспомогательные данные'!$C$22))) -> оптимальная работоспособность | I205: =IF(OR(ЦТО!AT110=1,ЦТО!AU110=1,ЦТО!AV110=1,ЦТО!AX110=1),"Положительная",IF(OR(ЦТО!AY110=1,ЦТО!AZ110=1,ЦТО!BA110=1),"Отрицательная",IF(OR(ЦТО!AW110=1),"Инфантильная"))) -> FALSE
A206: =ЦТО!A110 -> 0 | B206: =ЦТО!B112 -> 0 | C206: =ЦТО!C110 -> 0 | D206: =ЦТО!D110 -> 0 | E206: =SUM(ЦТО!BB110:BI110) -> 0 | F206: =IF(E206<10,'вспомогательные данные'!$C$26,IF(E206<19,'вспомогательные данные'!$C$25,'вспомогательные данные'!$C$24)) -> положительный | G206: =(18-ЦТО!AM110-ЦТО!AL110)/(18-ЦТО!AL110-ЦТО!AP110) -> 1 | H206: =IF(G206<0.51,'вспомогательные данные'!$C$19,IF(G206<0.92,'вспомогательные данные'!$C$20, IF(G206<2,'вспомогательные данные'!$C$21,'вспомогательные данные'!$C$22))) -> оптимальная работоспособность | I206: =IF(OR(ЦТО!AT111=1,ЦТО!AU111=1,ЦТО!AV111=1,ЦТО!AX111=1),"Положительная",IF(OR(ЦТО!AY111=1,ЦТО!AZ111=1,ЦТО!BA111=1),"Отрицательная",IF(OR(ЦТО!AW111=1),"Инфантильная"))) -> FALSE
... A250: =ЦТО!A154 -> 0 | B250: =ЦТО!B156 -> 0 | C250: =ЦТО!C154 -> 0 | D250: =ЦТО!D154 -> 0 | E250: =SUM(ЦТО!BB154:BI154) -> 0 | F250: =IF(E250<10,'вспомогательные данные'!$C$26,IF(E250<19,'вспомогательные данные'!$C$25,'вспомогательные данные'!$C$24)) -> положительный | G250: =(18-ЦТО!AM154-ЦТО!AL154)/(18-ЦТО!AL154-ЦТО!AP154) -> 1 | H250: =IF(G250<0.51,'вспомогательные данные'!$C$19,IF(G250<0.92,'вспомогательные данные'!$C$20, IF(G250<2,'вспомогательные данные'!$C$21,'вспомогательные данные'!$C$22))) -> оптимальная работоспособность | I250: =IF(OR(ЦТО!AT155=1,ЦТО!AU155=1,ЦТО!AV155=1,ЦТО!AX155=1),"Положительная",IF(OR(ЦТО!AY155=1,ЦТО!AZ155=1,ЦТО!BA155=1),"Отрицательная",IF(OR(ЦТО!AW155=1),"Инфантильная"))) -> FALSE
A251: =ЦТО!A155 -> 0 | B251: =ЦТО!B157 -> 0 | C251: =ЦТО!C155 -> 0 | D251: =ЦТО!D155 -> 0 | E251: =SUM(ЦТО!BB155:BI155) -> 0 | F251: =IF(E251<10,'вспомогательные данные'!$C$26,IF(E251<19,'вспомогательные данные'!$C$25,'вспомогательные данные'!$C$24)) -> положительный | G251: =(18-ЦТО!AM155-ЦТО!AL155)/(18-ЦТО!AL155-ЦТО!AP155) -> 1 | H251: =IF(G251<0.51,'вспомогательные данные'!$C$19,IF(G251<0.92,'вспомогательные данные'!$C$20, IF(G251<2,'вспомогательные данные'!$C$21,'вспомогательные данные'!$C$22))) -> оптимальная работоспособность | I251: =IF(OR(ЦТО!AT155=1,ЦТО!AU155=1,ЦТО!AV155=1,ЦТО!AX155=1),"Положительная",IF(OR(ЦТО!AY155=1,ЦТО!AZ155=1,ЦТО!BA155=1),"Отрицательная",IF(OR(ЦТО!AW155=1),"Инфантильная"))) -> FALSE
A252: =ЦТО!A156 -> 0 | B252: =ЦТО!B158 -> 0 | C252: =ЦТО!C156 -> 0 | D252: =ЦТО!D156 -> 0 | E252: =SUM(ЦТО!BB156:BI156) -> 0 | F252: =IF(E252<10,'вспомогательные данные'!$C$26,IF(E252<19,'вспомогательные данные'!$C$25,'вспомогательные данные'!$C$24)) -> положительный | G252: =(18-ЦТО!AM156-ЦТО!AL156)/(18-ЦТО!AL156-ЦТО!AP156) -> 1 | H252: =IF(G252<0.51,'вспомогательные данные'!$C$19,IF(G252<0.92,'вспомогательные данные'!$C$20, IF(G252<2,'вспомогательные данные'!$C$21,'вспомогательные данные'!$C$22))) -> оптимальная работоспособность | I252: =IF(OR(ЦТО!AT156=1,ЦТО!AU156=1,ЦТО!AV156=1,ЦТО!AX156=1),"Положительная",IF(OR(ЦТО!AY156=1,ЦТО!AZ156=1,ЦТО!BA156=1),"Отрицательная",IF(OR(ЦТО!AW156=1),"Инфантильная"))) -> FALSE
A253: =ЦТО!A157 -> 0 | B253: =ЦТО!B159 -> 0 | C253: =ЦТО!C157 -> 0 | D253: =ЦТО!D157 -> 0 | E253: =SUM(ЦТО!BB157:BI157) -> 0 | F253: =IF(E253<10,'вспомогательные данные'!$C$26,IF(E253<19,'вспомогательные данные'!$C$25,'вспомогательные данные'!$C$24)) -> положительный | G253: =(18-ЦТО!AM157-ЦТО!AL157)/(18-ЦТО!AL157-ЦТО!AP157) -> 1 | H253: =IF(G253<0.51,'вспомогательные данные'!$C$19,IF(G253<0.92,'вспомогательные данные'!$C$20, IF(G253<2,'вспомогательные данные'!$C$21,'вспомогательные данные'!$C$22))) -> оптимальная работоспособность | I253: =IF(OR(ЦТО!AT157=1,ЦТО!AU157=1,ЦТО!AV157=1,ЦТО!AX157=1),"Положительная",IF(OR(ЦТО!AY157=1,ЦТО!AZ157=1,ЦТО!BA157=1),"Отрицательная",IF(OR(ЦТО!AW157=1),"Инфантильная"))) -> FALSE
A254: =ЦТО!A158 -> 0 | B254: =ЦТО!B160 -> 0 | C254: =ЦТО!C158 -> 0 | D254: =ЦТО!D158 -> 0 | E254: =SUM(ЦТО!BB158:BI158) -> 0 | F254: =IF(E254<10,'вспомогательные данные'!$C$26,IF(E254<19,'вспомогательные данные'!$C$25,'вспомогательные данные'!$C$24)) -> положительный | G254: =(18-ЦТО!AM158-ЦТО!AL158)/(18-ЦТО!AL158-ЦТО!AP158) -> 1 | H254: =IF(G254<0.51,'вспомогательные данные'!$C$19,IF(G254<0.92,'вспомогательные данные'!$C$20, IF(G254<2,'вспомогательные данные'!$C$21,'вспомогательные данные'!$C$22))) -> оптимальная работоспособность | I254: =IF(OR(ЦТО!AT158=1,ЦТО!AU158=1,ЦТО!AV158=1,ЦТО!AX158=1),"Положительная",IF(OR(ЦТО!AY158=1,ЦТО!AZ158=1,ЦТО!BA158=1),"Отрицательная",IF(OR(ЦТО!AW158=1),"Инфантильная"))) -> FALSE
A255: =ЦТО!A159 -> 0 | B255: =ЦТО!B161 -> 0 | C255: =ЦТО!C159 -> 0 | D255: =ЦТО!D159 -> 0 | E255: =SUM(ЦТО!BB159:BI159) -> 0 | F255: =IF(E255<10,'вспомогательные данные'!$C$26,IF(E255<19,'вспомогательные данные'!$C$25,'вспомогательные данные'!$C$24)) -> положительный | G255: =(18-ЦТО!AM159-ЦТО!AL159)/(18-ЦТО!AL159-ЦТО!AP159) -> 1 | H255: =IF(G255<0.51,'вспомогательные данные'!$C$19,IF(G255<0.92,'вспомогательные данные'!$C$20, IF(G255<2,'вспомогательные данные'!$C$21,'вспомогательные данные'!$C$22))) -> оптимальная работоспособность | I255: =IF(OR(ЦТО!AT159=1,ЦТО!AU159=1,ЦТО!AV159=1,ЦТО!AX159=1),"Положительная",IF(OR(ЦТО!AY159=1,ЦТО!AZ159=1,ЦТО!BA159=1),"Отрицательная",IF(OR(ЦТО!AW159=1),"Инфантильная"))) -> FALSE
A256: =ЦТО!A160 -> 0 | B256: =ЦТО!B162 -> 0 | C256: =ЦТО!C160 -> 0 | D256: =ЦТО!D160 -> 0 | E256: =SUM(ЦТО!BB160:BI160) -> 0 | F256: =IF(E256<10,'вспомогательные данные'!$C$26,IF(E256<19,'вспомогательные данные'!$C$25,'вспомогательные данные'!$C$24)) -> положительный | G256: =(18-ЦТО!AM160-ЦТО!AL160)/(18-ЦТО!AL160-ЦТО!AP160) -> 1 | H256: =IF(G256<0.51,'вспомогательные данные'!$C$19,IF(G256<0.92,'вспомогательные данные'!$C$20, IF(G256<2,'вспомогательные данные'!$C$21,'вспомогательные данные'!$C$22))) -> оптимальная работоспособность | I256: =IF(OR(ЦТО!AT160=1,ЦТО!AU160=1,ЦТО!AV160=1,ЦТО!AX160=1),"Положительная",IF(OR(ЦТО!AY160=1,ЦТО!AZ160=1,ЦТО!BA160=1),"Отрицательная",IF(OR(ЦТО!AW160=1),"Инфантильная"))) -> FALSE
A257: =ЦТО!A161 -> 0 | B257: =ЦТО!B163 -> 0 | C257: =ЦТО!C161 -> 0 | D257: =ЦТО!D161 -> 0 | E257: =SUM(ЦТО!BB161:BI161) -> 0 | F257: =IF(E257<10,'вспомогательные данные'!$C$26,IF(E257<19,'вспомогательные данные'!$C$25,'вспомогательные данные'!$C$24)) -> положительный | G257: =(18-ЦТО!AM161-ЦТО!AL161)/(18-ЦТО!AL161-ЦТО!AP161) -> 1 | H257: =IF(G257<0.51,'вспомогательные данные'!$C$19,IF(G257<0.92,'вспомогательные данные'!$C$20, IF(G257<2,'вспомогательные данные'!$C$21,'вспомогательные данные'!$C$22))) -> оптимальная работоспособность | I257: =IF(OR(ЦТО!AT161=1,ЦТО!AU161=1,ЦТО!AV161=1,ЦТО!AX161=1),"Положительная",IF(OR(ЦТО!AY161=1,ЦТО!AZ161=1,ЦТО!BA161=1),"Отрицательная",IF(OR(ЦТО!AW161=1),"Инфантильная"))) -> FALSE
A258: =ЦТО!A162 -> 0 | B258: =ЦТО!B164 -> 0 | C258: =ЦТО!C162 -> 0 | D258: =ЦТО!D162 -> 0 | E258: =SUM(ЦТО!BB162:BI162) -> 0 | F258: =IF(E258<10,'вспомогательные данные'!$C$26,IF(E258<19,'вспомогательные данные'!$C$25,'вспомогательные данные'!$C$24)) -> положительный | G258: =(18-ЦТО!AM162-ЦТО!AL162)/(18-ЦТО!AL162-ЦТО!AP162) -> 1 | H258: =IF(G258<0.51,'вспомогательные данные'!$C$19,IF(G258<0.92,'вспомогательные данные'!$C$20, IF(G258<2,'вспомогательные данные'!$C$21,'вспомогательные данные'!$C$22))) -> оптимальная работоспособность | I258: =IF(OR(ЦТО!AT162=1,ЦТО!AU162=1,ЦТО!AV162=1,ЦТО!AX162=1),"Положительная",IF(OR(ЦТО!AY162=1,ЦТО!AZ162=1,ЦТО!BA162=1),"Отрицательная",IF(OR(ЦТО!AW162=1),"Инфантильная"))) -> FALSE
A259: =ЦТО!A163 -> 0 | B259: =ЦТО!B165 -> 0 | C259: =ЦТО!C163 -> 0 | D259: =ЦТО!D163 -> 0 | E259: =SUM(ЦТО!BB163:BI163) -> 0 | F259: =IF(E259<10,'вспомогательные данные'!$C$26,IF(E259<19,'вспомогательные данные'!$C$25,'вспомогательные данные'!$C$24)) -> положительный | G259: =(18-ЦТО!AM163-ЦТО!AL163)/(18-ЦТО!AL163-ЦТО!AP163) -> 1 | H259: =IF(G259<0.51,'вспомогательные данные'!$C$19,IF(G259<0.92,'вспомогательные данные'!$C$20, IF(G259<2,'вспомогательные данные'!$C$21,'вспомогательные данные'!$C$22))) -> оптимальная работоспособность | I259: =IF(OR(ЦТО!AT163=1,ЦТО!AU163=1,ЦТО!AV163=1,ЦТО!AX163=1),"Положительная",IF(OR(ЦТО!AY163=1,ЦТО!AZ163=1,ЦТО!BA163=1),"Отрицательная",IF(OR(ЦТО!AW163=1),"Инфантильная"))) -> FALSE
A260: =ЦТО!A164 -> 0 | B260: =ЦТО!B166 -> 0 | C260: =ЦТО!C164 -> 0 | D260: =ЦТО!D164 -> 0 | E260: =SUM(ЦТО!BB164:BI164) -> 0 | F260: =IF(E260<10,'вспомогательные данные'!$C$26,IF(E260<19,'вспомогательные данные'!$C$25,'вспомогательные данные'!$C$24)) -> положительный | G260: =(18-ЦТО!AM164-ЦТО!AL164)/(18-ЦТО!AL164-ЦТО!AP164) -> 1 | H260: =IF(G260<0.51,'вспомогательные данные'!$C$19,IF(G260<0.92,'вспомогательные данные'!$C$20, IF(G260<2,'вспомогательные данные'!$C$21,'вспомогательные данные'!$C$22))) -> оптимальная работоспособность | I260: =IF(OR(ЦТО!AT164=1,ЦТО!AU164=1,ЦТО!AV164=1,ЦТО!AX164=1),"Положительная",IF(OR(ЦТО!AY164=1,ЦТО!AZ164=1,ЦТО!BA164=1),"Отрицательная",IF(OR(ЦТО!AW164=1),"Инфантильная"))) -> FALSE
A261: =ЦТО!A165 -> 0 | B261: =ЦТО!B167 -> 0 | C261: =ЦТО!C165 -> 0 | D261: =ЦТО!D165 -> 0 | E261: =SUM(ЦТО!BB165:BI165) -> 0 | F261: =IF(E261<10,'вспомогательные данные'!$C$26,IF(E261<19,'вспомогательные данные'!$C$25,'вспомогательные данные'!$C$24)) -> положительный | G261: =(18-ЦТО!AM165-ЦТО!AL165)/(18-ЦТО!AL165-ЦТО!AP165) -> 1 | H261: =IF(G261<0.51,'вспомогательные данные'!$C$19,IF(G261<0.92,'вспомогательные данные'!$C$20, IF(G261<2,'вспомогательные данные'!$C$21,'вспомогательные данные'!$C$22))) -> оптимальная работоспособность | I261: =IF(OR(ЦТО!AT165=1,ЦТО!AU165=1,ЦТО!AV165=1,ЦТО!AX165=1),"Положительная",IF(OR(ЦТО!AY165=1,ЦТО!AZ165=1,ЦТО!BA165=1),"Отрицательная",IF(OR(ЦТО!AW165=1),"Инфантильная"))) -> FALSE
A262: =ЦТО!A166 -> 0 | B262: =ЦТО!B168 -> 0 | C262: =ЦТО!C166 -> 0 | D262: =ЦТО!D166 -> 0 | E262: =SUM(ЦТО!BB166:BI166) -> 0 | F262: =IF(E262<10,'вспомогательные данные'!$C$26,IF(E262<19,'вспомогательные данные'!$C$25,'вспомогательные данные'!$C$24)) -> положительный | G262: =(18-ЦТО!AM166-ЦТО!AL166)/(18-ЦТО!AL166-ЦТО!AP166) -> 1 | H262: =IF(G262<0.51,'вспомогательные данные'!$C$19,IF(G262<0.92,'вспомогательные данные'!$C$20, IF(G262<2,'вспомогательные данные'!$C$21,'вспомогательные данные'!$C$22))) -> оптимальная работоспособность | I262: =IF(OR(ЦТО!AT166=1,ЦТО!AU166=1,ЦТО!AV166=1,ЦТО!AX166=1),"Положительная",IF(OR(ЦТО!AY166=1,ЦТО!AZ166=1,ЦТО!BA166=1),"Отрицательная",IF(OR(ЦТО!AW166=1),"Инфантильная"))) -> FALSE
... A303: =ЦТО!A207 -> 0 | B303: =ЦТО!B209 -> 0 | C303: =ЦТО!C207 -> 0 | D303: =ЦТО!D207 -> 0 | E303: =SUM(ЦТО!BB207:BI207) -> 0 | F303: =IF(E303<10,'вспомогательные данные'!$C$26,IF(E303<19,'вспомогательные данные'!$C$25,'вспомогательные данные'!$C$24)) -> положительный | G303: =(18-ЦТО!AM207-ЦТО!AL207)/(18-ЦТО!AL207-ЦТО!AP207) -> 1 | H303: =IF(G303<0.51,'вспомогательные данные'!$C$19,IF(G303<0.92,'вспомогательные данные'!$C$20, IF(G303<2,'вспомогательные данные'!$C$21,'вспомогательные данные'!$C$22))) -> оптимальная работоспособность | I303: =IF(OR(ЦТО!AT207=1,ЦТО!AU207=1,ЦТО!AV207=1,ЦТО!AX207=1),"Положительная",IF(OR(ЦТО!AY207=1,ЦТО!AZ207=1,ЦТО!BA207=1),"Отрицательная",IF(OR(ЦТО!AW207=1),"Инфантильная"))) -> FALSE
A304: =ЦТО!A208 -> 0 | B304: =ЦТО!B208 -> 0 | C304: =ЦТО!C208 -> 0 | D304: =ЦТО!D208 -> 0 | E304: =SUM(ЦТО!BB208:BI208) -> 0 | F304: =IF(E304<10,'вспомогательные данные'!$C$26,IF(E304<19,'вспомогательные данные'!$C$25,'вспомогательные данные'!$C$24)) -> положительный | G304: =(18-ЦТО!AM208-ЦТО!AL208)/(18-ЦТО!AL208-ЦТО!AP208) -> 1 | H304: =IF(G304<0.51,'вспомогательные данные'!$C$19,IF(G304<0.92,'вспомогательные данные'!$C$20, IF(G304<2,'вспомогательные данные'!$C$21,'вспомогательные данные'!$C$22))) -> оптимальная работоспособность | I304: =IF(OR(ЦТО!AT208=1,ЦТО!AU208=1,ЦТО!AV208=1,ЦТО!AX208=1),"Положительная",IF(OR(ЦТО!AY208=1,ЦТО!AZ208=1,ЦТО!BA208=1),"Отрицательная",IF(OR(ЦТО!AW208=1),"Инфантильная"))) -> FALSE
A305: =ЦТО!A209 -> 0 | B305: =ЦТО!B209 -> 0 | C305: =ЦТО!C209 -> 0 | D305: =ЦТО!D209 -> 0 | E305: =SUM(ЦТО!BB209:BI209) -> 0 | F305: =IF(E305<10,'вспомогательные данные'!$C$26,IF(E305<19,'вспомогательные данные'!$C$25,'вспомогательные данные'!$C$24)) -> положительный | G305: =(18-ЦТО!AM209-ЦТО!AL209)/(18-ЦТО!AL209-ЦТО!AP209) -> 1 | H305: =IF(G305<0.51,'вспомогательные данные'!$C$19,IF(G305<0.92,'вспомогательные данные'!$C$20, IF(G305<2,'вспомогательные данные'!$C$21,'вспомогательные данные'!$C$22))) -> оптимальная работоспособность | I305: =IF(OR(ЦТО!AT209=1,ЦТО!AU209=1,ЦТО!AV209=1,ЦТО!AX209=1),"Положительная",IF(OR(ЦТО!AY209=1,ЦТО!AZ209=1,ЦТО!BA209=1),"Отрицательная",IF(OR(ЦТО!AW209=1),"Инфантильная"))) -> FALSE
A306: =ЦТО!A210 -> 0 | B306: =ЦТО!B210 -> 0 | C306: =ЦТО!C210 -> 0 | D306: =ЦТО!D210 -> 0 | E306: =SUM(ЦТО!BB210:BI210) -> 0 | F306: =IF(E306<10,'вспомогательные данные'!$C$26,IF(E306<19,'вспомогательные данные'!$C$25,'вспомогательные данные'!$C$24)) -> положительный | G306: =(18-ЦТО!AM210-ЦТО!AL210)/(18-ЦТО!AL210-ЦТО!AP210) -> 1 | H306: =IF(G306<0.51,'вспомогательные данные'!$C$19,IF(G306<0.92,'вспомогательные данные'!$C$20, IF(G306<2,'вспомогательные данные'!$C$21,'вспомогательные данные'!$C$22))) -> оптимальная работоспособность | I306: =IF(OR(ЦТО!AT210=1,ЦТО!AU210=1,ЦТО!AV210=1,ЦТО!AX210=1),"Положительная",IF(OR(ЦТО!AY210=1,ЦТО!AZ210=1,ЦТО!BA210=1),"Отрицательная",IF(OR(ЦТО!AW210=1),"Инфантильная"))) -> FALSE
A307: =ЦТО!A211 -> 0 | B307: =ЦТО!B211 -> 0 | C307: =ЦТО!C211 -> 0 | D307: =ЦТО!D211 -> 0 | E307: =SUM(ЦТО!BB211:BI211) -> 0 | F307: =IF(E307<10,'вспомогательные данные'!$C$26,IF(E307<19,'вспомогательные данные'!$C$25,'вспомогательные данные'!$C$24)) -> положительный | G307: =(18-ЦТО!AM211-ЦТО!AL211)/(18-ЦТО!AL211-ЦТО!AP211) -> 1 | H307: =IF(G307<0.51,'вспомогательные данные'!$C$19,IF(G307<0.92,'вспомогательные данные'!$C$20, IF(G307<2,'вспомогательные данные'!$C$21,'вспомогательные данные'!$C$22))) -> оптимальная работоспособность | I307: =IF(OR(ЦТО!AT211=1,ЦТО!AU211=1,ЦТО!AV211=1,ЦТО!AX211=1),"Положительная",IF(OR(ЦТО!AY211=1,ЦТО!AZ211=1,ЦТО!BA211=1),"Отрицательная",IF(OR(ЦТО!AW211=1),"Инфантильная"))) -> FALSE
A308: =ЦТО!A212 -> 0 | B308: =ЦТО!B212 -> 0 | C308: =ЦТО!C212 -> 0 | D308: =ЦТО!D212 -> 0 | E308: =SUM(ЦТО!BB212:BI212) -> 0 | F308: =IF(E308<10,'вспомогательные данные'!$C$26,IF(E308<19,'вспомогательные данные'!$C$25,'вспомогательные данные'!$C$24)) -> положительный | G308: =(18-ЦТО!AM212-ЦТО!AL212)/(18-ЦТО!AL212-ЦТО!AP212) -> 1 | H308: =IF(G308<0.51,'вспомогательные данные'!$C$19,IF(G308<0.92,'вспомогательные данные'!$C$20, IF(G308<2,'вспомогательные данные'!$C$21,'вспомогательные данные'!$C$22))) -> оптимальная работоспособность | I308: =IF(OR(ЦТО!AT212=1,ЦТО!AU212=1,ЦТО!AV212=1,ЦТО!AX212=1),"Положительная",IF(OR(ЦТО!AY212=1,ЦТО!AZ212=1,ЦТО!BA212=1),"Отрицательная",IF(OR(ЦТО!AW212=1),"Инфантильная"))) -> FALSE
A309: =ЦТО!A213 -> 0 | B309: =ЦТО!B213 -> 0 | C309: =ЦТО!C213 -> 0 | D309: =ЦТО!D213 -> 0 | E309: =SUM(ЦТО!BB213:BI213) -> 0 | F309: =IF(E309<10,'вспомогательные данные'!$C$26,IF(E309<19,'вспомогательные данные'!$C$25,'вспомогательные данные'!$C$24)) -> положительный | G309: =(18-ЦТО!AM213-ЦТО!AL213)/(18-ЦТО!AL213-ЦТО!AP213) -> 1 | H309: =IF(G309<0.51,'вспомогательные данные'!$C$19,IF(G309<0.92,'вспомогательные данные'!$C$20, IF(G309<2,'вспомогательные данные'!$C$21,'вспомогательные данные'!$C$22))) -> оптимальная работоспособность | I309: =IF(OR(ЦТО!AT213=1,ЦТО!AU213=1,ЦТО!AV213=1,ЦТО!AX213=1),"Положительная",IF(OR(ЦТО!AY213=1,ЦТО!AZ213=1,ЦТО!BA213=1),"Отрицательная",IF(OR(ЦТО!AW213=1),"Инфантильная"))) -> FALSE
A310: =ЦТО!A214 -> 0 | B310: =ЦТО!B214 -> 0 | C310: =ЦТО!C214 -> 0 | D310: =ЦТО!D214 -> 0 | E310: =SUM(ЦТО!BB214:BI214) -> 0 | F310: =IF(E310<10,'вспомогательные данные'!$C$26,IF(E310<19,'вспомогательные данные'!$C$25,'вспомогательные данные'!$C$24)) -> положительный | G310: =(18-ЦТО!AM214-ЦТО!AL214)/(18-ЦТО!AL214-ЦТО!AP214) -> 1 | H310: =IF(G310<0.51,'вспомогательные данные'!$C$19,IF(G310<0.92,'вспомогательные данные'!$C$20, IF(G310<2,'вспомогательные данные'!$C$21,'вспомогательные данные'!$C$22))) -> оптимальная работоспособность | I310: =IF(OR(ЦТО!AT214=1,ЦТО!AU214=1,ЦТО!AV214=1,ЦТО!AX214=1),"Положительная",IF(OR(ЦТО!AY214=1,ЦТО!AZ214=1,ЦТО!BA214=1),"Отрицательная",IF(OR(ЦТО!AW214=1),"Инфантильная"))) -> FALSE
A311: =ЦТО!A215 -> 0 | B311: =ЦТО!B215 -> 0 | C311: =ЦТО!C215 -> 0 | D311: =ЦТО!D215 -> 0 | E311: =SUM(ЦТО!BB215:BI215) -> 0 | F311: =IF(E311<10,'вспомогательные данные'!$C$26,IF(E311<19,'вспомогательные данные'!$C$25,'вспомогательные данные'!$C$24)) -> положительный | G311: =(18-ЦТО!AM215-ЦТО!AL215)/(18-ЦТО!AL215-ЦТО!AP215) -> 1 | H311: =IF(G311<0.51,'вспомогательные данные'!$C$19,IF(G311<0.92,'вспомогательные данные'!$C$20, IF(G311<2,'вспомогательные данные'!$C$21,'вспомогательные данные'!$C$22))) -> оптимальная работоспособность | I311: =IF(OR(ЦТО!AT215=1,ЦТО!AU215=1,ЦТО!AV215=1,ЦТО!AX215=1),"Положительная",IF(OR(ЦТО!AY215=1,ЦТО!AZ215=1,ЦТО!BA215=1),"Отрицательная",IF(OR(ЦТО!AW215=1),"Инфантильная"))) -> FALSE
A312: =ЦТО!A216 -> 0 | B312: =ЦТО!B216 -> 0 | C312: =ЦТО!C216 -> 0 | D312: =ЦТО!D216 -> 0 | E312: =SUM(ЦТО!BB216:BI216) -> 0 | F312: =IF(E312<10,'вспомогательные данные'!$C$26,IF(E312<19,'вспомогательные данные'!$C$25,'вспомогательные данные'!$C$24)) -> положительный | G312: =(18-ЦТО!AM216-ЦТО!AL216)/(18-ЦТО!AL216-ЦТО!AP216) -> 1 | H312: =IF(G312<0.51,'вспомогательные данные'!$C$19,IF(G312<0.92,'вспомогательные данные'!$C$20, IF(G312<2,'вспомогательные данные'!$C$21,'вспомогательные данные'!$C$22))) -> оптимальная работоспособность | I312: =IF(OR(ЦТО!AT216=1,ЦТО!AU216=1,ЦТО!AV216=1,ЦТО!AX216=1),"Положительная",IF(OR(ЦТО!AY216=1,ЦТО!AZ216=1,ЦТО!BA216=1),"Отрицательная",IF(OR(ЦТО!AW216=1),"Инфантильная"))) -> FALSE
A313: =ЦТО!A217 -> 0 | B313: =ЦТО!B217 -> 0 | C313: =ЦТО!C217 -> 0 | D313: =ЦТО!D217 -> 0 | E313: =SUM(ЦТО!BB217:BI217) -> 0 | F313: =IF(E313<10,'вспомогательные данные'!$C$26,IF(E313<19,'вспомогательные данные'!$C$25,'вспомогательные данные'!$C$24)) -> положительный | G313: =(18-ЦТО!AM217-ЦТО!AL217)/(18-ЦТО!AL217-ЦТО!AP217) -> 1 | H313: =IF(G313<0.51,'вспомогательные данные'!$C$19,IF(G313<0.92,'вспомогательные данные'!$C$20, IF(G313<2,'вспомогательные данные'!$C$21,'вспомогательные данные'!$C$22))) -> оптимальная работоспособность | I313: =IF(OR(ЦТО!AT217=1,ЦТО!AU217=1,ЦТО!AV217=1,ЦТО!AX217=1),"Положительная",IF(OR(ЦТО!AY217=1,ЦТО!AZ217=1,ЦТО!BA217=1),"Отрицательная",IF(OR(ЦТО!AW217=1),"Инфантильная"))) -> FALSE
A314: =ЦТО!A218 -> 0 | B314: =ЦТО!B218 -> 0 | C314: =ЦТО!C218 -> 0 | D314: =ЦТО!D218 -> 0 | E314: =SUM(ЦТО!BB218:BI218) -> 0 | F314: =IF(E314<10,'вспомогательные данные'!$C$26,IF(E314<19,'вспомогательные данные'!$C$25,'вспомогательные данные'!$C$24)) -> положительный | G314: =(18-ЦТО!AM218-ЦТО!AL218)/(18-ЦТО!AL218-ЦТО!AP218) -> 1 | H314: =IF(G314<0.51,'вспомогательные данные'!$C$19,IF(G314<0.92,'вспомогательные данные'!$C$20, IF(G314<2,'вспомогательные данные'!$C$21,'вспомогательные данные'!$C$22))) -> оптимальная работоспособность | I314: =IF(OR(ЦТО!AT218=1,ЦТО!AU218=1,ЦТО!AV218=1,ЦТО!AX218=1),"Положительная",IF(OR(ЦТО!AY218=1,ЦТО!AZ218=1,ЦТО!BA218=1),"Отрицательная",IF(OR(ЦТО!AW218=1),"Инфантильная"))) -> FALSE
A315: =ЦТО!A219 -> 0 | B315: =ЦТО!B219 -> 0 | C315: =ЦТО!C219 -> 0 | D315: =ЦТО!D219 -> 0 | E315: =SUM(ЦТО!BB219:BI219) -> 0 | F315: =IF(E315<10,'вспомогательные данные'!$C$26,IF(E315<19,'вспомогательные данные'!$C$25,'вспомогательные данные'!$C$24)) -> положительный | G315: =(18-ЦТО!AM219-ЦТО!AL219)/(18-ЦТО!AL219-ЦТО!AP219) -> 1 | H315: =IF(G315<0.51,'вспомогательные данные'!$C$19,IF(G315<0.92,'вспомогательные данные'!$C$20, IF(G315<2,'вспомогательные данные'!$C$21,'вспомогательные данные'!$C$22))) -> оптимальная работоспособность | I315: =IF(OR(ЦТО!AT219=1,ЦТО!AU219=1,ЦТО!AV219=1,ЦТО!AX219=1),"Положительная",IF(OR(ЦТО!AY219=1,ЦТО!AZ219=1,ЦТО!BA219=1),"Отрицательная",IF(OR(ЦТО!AW219=1),"Инфантильная"))) -> FALSE
... A999: =ЦТО!A903 -> 0 | B999: =ЦТО!B903 -> 0 | C999: =ЦТО!C903 -> 0 | D999: =ЦТО!D903 -> 0 | E999: =SUM(ЦТО!BB903:BI903) -> 0 | F999: =IF(E999<10,'вспомогательные данные'!$C$26,IF(E999<19,'вспомогательные данные'!$C$25,'вспомогательные данные'!$C$24)) -> положительный | G999: =(18-ЦТО!AM903-ЦТО!AL903)/(18-ЦТО!AL903-ЦТО!AP903) -> 1 | H999: =IF(G999<0.51,'вспомогательные данные'!$C$19,IF(G999<0.92,'вспомогательные данные'!$C$20, IF(G999<2,'вспомогательные данные'!$C$21,'вспомогательные данные'!$C$22))) -> оптимальная работоспособность | I999: =IF(OR(ЦТО!AT903=1,ЦТО!AU903=1,ЦТО!AV903=1,ЦТО!AX903=1),"Положительная",IF(OR(ЦТО!AY903=1,ЦТО!AZ903=1,ЦТО!BA903=1),"Отрицательная",IF(OR(ЦТО!AW903=1),"Инфантильная"))) -> FALSE

Sheet 2-3_обработка
B1: ФИО ребенка | C1: класс | D1: Дата | E1: Корреляция
E2: Горе | F2: Обида | G2: Ссора | H2: Злоба | I2: Скука | J2: =ЦТО!W2 -> Душа | K2: =ЦТО!X2 -> Школа | L2: =ЦТО!Y2 -> Чтение | M2: =ЦТО!Z2 -> Математика | N2: =ЦТО!AA2 -> Русский яз | O2: =ЦТО!AB2 -> Английский яз | P2: =ЦТО!AC2 -> Исследование | Q2: =ЦТО!AD2 -> Педагог | ... X2: =ЦТО!AK2 -> Домашнее задание
A3: 1 | B3: =IF(ЦТО!B3="","",ЦТО!B3) -> А | C3: =IF(ЦТО!C3="","",ЦТО!C3) -> 2 а | D3: =IF(ЦТО!D3="","",ЦТО!D3) | E3: =IF(ЦТО!$N3=ЦТО!$W3,"Душа",IF(ЦТО!$N3=ЦТО!$X3,ЦТО!$X$2,IF(ЦТО!$N3=ЦТО!$Y3,ЦТО!$Y$2,IF(ЦТО!$N3=ЦТО!$AE3,ЦТО!$AE$2,IF(ЦТО!$N3=ЦТО!$AF3,ЦТО!$AF$2,IF(ЦТО!$N3=ЦТО!$AG3,ЦТО!$AG$2,IF(ЦТО!$N3=ЦТО!$AH3,ЦТО!$AH$2,IF(ЦТО!$N3=ЦТО!$AI3,ЦТО!$AI$2,IF(ЦТО!$N3=ЦТО!$AJ3,ЦТО!$AJ$2,IF(ЦТО!$N3=ЦТО!$AK3,ЦТО!$AK$2)))))))))) -> Душа | F3: =IF(ЦТО!P3=ЦТО!W3,"Душа",IF(ЦТО!P3=ЦТО!X3,ЦТО!$X$2,IF(ЦТО!P3=ЦТО!Y3,ЦТО!$Y$2,IF(ЦТО!P3=ЦТО!AE3,ЦТО!$AE$2,IF(ЦТО!P3=ЦТО!AF3,ЦТО!$AF$2,IF(ЦТО!P3=ЦТО!AG3,ЦТО!$AG$2,IF(ЦТО!P3=ЦТО!AH3,ЦТО!$AH$2,IF(ЦТО!P3=ЦТО!AI3,ЦТО!$AI$2,IF(ЦТО!P3=ЦТО!AJ3,ЦТО!$AJ$2,IF(ЦТО!P3=ЦТО!AK3,ЦТО!$AK$2)))))))))) -> Душа | G3: =IF(ЦТО!$R3=ЦТО!$W3,"Душа",IF(ЦТО!$R3=ЦТО!$X3,ЦТО!$X$2,IF(ЦТО!$R3=ЦТО!$Y3,ЦТО!$Y$2,IF(ЦТО!$R3=ЦТО!$AE3,ЦТО!$AE$2,IF(ЦТО!$R3=ЦТО!$AF3,ЦТО!$AF$2,IF(ЦТО!$R3=ЦТО!$AG3,ЦТО!$AG$2,IF(ЦТО!$R3=ЦТО!$AH3,ЦТО!$AH$2,IF(ЦТО!$R3=ЦТО!$AI3,ЦТО!$AI$2,IF(ЦТО!$R3=ЦТО!$AJ3,ЦТО!$AJ$2,IF(ЦТО!$R3=ЦТО!$AK3,ЦТО!$AK$2)))))))))) -> Душа | H3: =IF(ЦТО!$T3=ЦТО!$W3,"Душа",IF(ЦТО!$T3=ЦТО!$X3,ЦТО!$X$2,IF(ЦТО!$T3=ЦТО!$Y3,ЦТО!$Y$2,IF(ЦТО!$T3=ЦТО!$AE3,ЦТО!$AE$2,IF(ЦТО!$T3=ЦТО!$AF3,ЦТО!$AF$2,IF(ЦТО!$T3=ЦТО!$AG3,ЦТО!$AG$2,IF(ЦТО!$T3=ЦТО!$AH3,ЦТО!$AH$2,IF(ЦТО!$T3=ЦТО!$AI3,ЦТО!$AI$2,IF(ЦТО!$T3=ЦТО!$AJ3,ЦТО!$AJ$2,IF(ЦТО!$T3=ЦТО!$AK3,ЦТО!$AK$2)))))))))) -> Душа | I3: =IF(ЦТО!$U3=ЦТО!$W3,"Душа",IF(ЦТО!$U3=ЦТО!$X3,ЦТО!$X$2,IF(ЦТО!$U3=ЦТО!$Y3,ЦТО!$Y$2,IF(ЦТО!$U3=ЦТО!$AE3,ЦТО!$AE$2,IF(ЦТО!$U3=ЦТО!$AF3,ЦТО!$AF$2,IF(ЦТО!$U3=ЦТО!$AG3,ЦТО!$AG$2,IF(ЦТО!$U3=ЦТО!$AH3,ЦТО!$AH$2,IF(ЦТО!$U3=ЦТО!$AI3,ЦТО!$AI$2,IF(ЦТО!$U3=ЦТО!$AJ3,ЦТО!$AJ$2,IF(ЦТО!$U3=ЦТО!$AK3,ЦТО!$AK$2)))))))))) -> Душа | J3: =IF(OR(ЦТО!W3=ЦТО!$BK$8,ЦТО!W3=ЦТО!$BK$9,ЦТО!W3=ЦТО!$BK$10),"Обратить внимание","Отклонений нет") -> Отклонений нет | K3: =IF(OR(ЦТО!X3=ЦТО!$BK$8,ЦТО!X3=ЦТО!$BK$9,ЦТО!X3=ЦТО!$BK$10),"Обратить внимание","Отклонений нет") -> Отклонений нет | L3: =IF(OR(ЦТО!Y3=ЦТО!$BK$8,ЦТО!Y3=ЦТО!$BK$9,ЦТО!Y3=ЦТО!$BK$10),"Обратить внимание","Отклонений нет") -> Отклонений нет | M3: =IF(OR(ЦТО!Z3=ЦТО!$BK$8,ЦТО!Z3=ЦТО!$BK$9,ЦТО!Z3=ЦТО!$BK$10),"Обратить внимание","Отклонений нет") -> Отклонений нет | N3: =IF(OR(ЦТО!AA3=ЦТО!$BK$8,ЦТО!AA3=ЦТО!$BK$9,ЦТО!AA3=ЦТО!$BK$10),"Обратить внимание","Отклонений нет") -> Отклонений нет | O3: =IF(OR(ЦТО!AB3=ЦТО!$BK$8,ЦТО!AB3=ЦТО!$BK$9,ЦТО!AB3=ЦТО!$BK$10),"Обратить внимание","Отклонений нет") -> Отклонений нет | P3: =IF(OR(ЦТО!AC3=ЦТО!$BK$8,ЦТО!AC3=ЦТО!$BK$9,ЦТО!AC3=ЦТО!$BK$10),"Обратить внимание","Отклонений нет") -> Отклонений нет | Q3: =IF(OR(ЦТО!AD3=ЦТО!$BK$8,ЦТО!AD3=ЦТО!$BK$9,ЦТО!AD3=ЦТО!$BK$10),"Обратить внимание","Отклонений нет") -> Отклонений нет | ... X3: =IF(OR(ЦТО!AK3=ЦТО!$BK$8,ЦТО!AK3=ЦТО!$BK$9,ЦТО!AK3=ЦТО!$BK$10),"Обратить внимание","Отклонений нет") -> Отклонений нет
A4: 2 | B4: =IF(ЦТО!B4="","",ЦТО!B4) -> Б | C4: =IF(ЦТО!C4="","",ЦТО!C4) -> 2 а | D4: =IF(ЦТО!D4="","",ЦТО!D4) | E4: =IF(ЦТО!$N4=ЦТО!$W4,"Душа",IF(ЦТО!$N4=ЦТО!$X4,ЦТО!$X$2,IF(ЦТО!$N4=ЦТО!$Y4,ЦТО!$Y$2,IF(ЦТО!$N4=ЦТО!$AE4,ЦТО!$AE$2,IF(ЦТО!$N4=ЦТО!$AF4,ЦТО!$AF$2,IF(ЦТО!$N4=ЦТО!$AG4,ЦТО!$AG$2,IF(ЦТО!$N4=ЦТО!$AH4,ЦТО!$AH$2,IF(ЦТО!$N4=ЦТО!$AI4,ЦТО!$AI$2,IF(ЦТО!$N4=ЦТО!$AJ4,ЦТО!$AJ$2,IF(ЦТО!$N4=ЦТО!$AK4,ЦТО!$AK$2)))))))))) -> FALSE | F4: =IF(ЦТО!P4=ЦТО!W4,"Душа",IF(ЦТО!P4=ЦТО!X4,ЦТО!$X$2,IF(ЦТО!P4=ЦТО!Y4,ЦТО!$Y$2,IF(ЦТО!P4=ЦТО!AE4,ЦТО!$AE$2,IF(ЦТО!P4=ЦТО!AF4,ЦТО!$AF$2,IF(ЦТО!P4=ЦТО!AG4,ЦТО!$AG$2,IF(ЦТО!P4=ЦТО!AH4,ЦТО!$AH$2,IF(ЦТО!P4=ЦТО!AI4,ЦТО!$AI$2,IF(ЦТО!P4=ЦТО!AJ4,ЦТО!$AJ$2,IF(ЦТО!P4=ЦТО!AK4,ЦТО!$AK$2)))))))))) -> Уроки | G4: =IF(ЦТО!$R4=ЦТО!$W4,"Душа",IF(ЦТО!$R4=ЦТО!$X4,ЦТО!$X$2,IF(ЦТО!$R4=ЦТО!$Y4,ЦТО!$Y$2,IF(ЦТО!$R4=ЦТО!$AE4,ЦТО!$AE$2,IF(ЦТО!$R4=ЦТО!$AF4,ЦТО!$AF$2,IF(ЦТО!$R4=ЦТО!$AG4,ЦТО!$AG$2,IF(ЦТО!$R4=ЦТО!$AH4,ЦТО!$AH$2,IF(ЦТО!$R4=ЦТО!$AI4,ЦТО!$AI$2,IF(ЦТО!$R4=ЦТО!$AJ4,ЦТО!$AJ$2,IF(ЦТО!$R4=ЦТО!$AK4,ЦТО!$AK$2)))))))))) -> Школа | H4: =IF(ЦТО!$T4=ЦТО!$W4,"Душа",IF(ЦТО!$T4=ЦТО!$X4,ЦТО!$X$2,IF(ЦТО!$T4=ЦТО!$Y4,ЦТО!$Y$2,IF(ЦТО!$T4=ЦТО!$AE4,ЦТО!$AE$2,IF(ЦТО!$T4=ЦТО!$AF4,ЦТО!$AF$2,IF(ЦТО!$T4=ЦТО!$AG4,ЦТО!$AG$2,IF(ЦТО!$T4=ЦТО!$AH4,ЦТО!$AH$2,IF(ЦТО!$T4=ЦТО!$AI4,ЦТО!$AI$2,IF(ЦТО!$T4=ЦТО!$AJ4,ЦТО!$AJ$2,IF(ЦТО!$T4=ЦТО!$AK4,ЦТО!$AK$2)))))))))) -> FALSE | I4: =IF(ЦТО!$U4=ЦТО!$W4,"Душа",IF(ЦТО!$U4=ЦТО!$X4,ЦТО!$X$2,IF(ЦТО!$U4=ЦТО!$Y4,ЦТО!$Y$2,IF(ЦТО!$U4=ЦТО!$AE4,ЦТО!$AE$2,IF(ЦТО!$U4=ЦТО!$AF4,ЦТО!$AF$2,IF(ЦТО!$U4=ЦТО!$AG4,ЦТО!$AG$2,IF(ЦТО!$U4=ЦТО!$AH4,ЦТО!$AH$2,IF(ЦТО!$U4=ЦТО!$AI4,ЦТО!$AI$2,IF(ЦТО!$U4=ЦТО!$AJ4,ЦТО!$AJ$2,IF(ЦТО!$U4=ЦТО!$AK4,ЦТО!$AK$2)))))))))) -> Школа | J4: =IF(OR(ЦТО!W4=ЦТО!$BK$8,ЦТО!W4=ЦТО!$BK$9,ЦТО!W4=ЦТО!$BK$10),"Обратить внимание","Отклонений нет") -> Отклонений нет | K4: =IF(OR(ЦТО!X4=ЦТО!$BK$8,ЦТО!X4=ЦТО!$BK$9,ЦТО!X4=ЦТО!$BK$10),"Обратить внимание","Отклонений нет") -> Обратить внимание | L4: =IF(OR(ЦТО!Y4=ЦТО!$BK$8,ЦТО!Y4=ЦТО!$BK$9,ЦТО!Y4=ЦТО!$BK$10),"Обратить внимание","Отклонений нет") -> Отклонений нет | M4: =IF(OR(ЦТО!Z4=ЦТО!$BK$8,ЦТО!Z4=ЦТО!$BK$9,ЦТО!Z4=ЦТО!$BK$10),"Обратить внимание","Отклонений нет") -> Отклонений нет | N4: =IF(OR(ЦТО!AA4=ЦТО!$BK$8,ЦТО!AA4=ЦТО!$BK$9,ЦТО!AA4=ЦТО!$BK$10),"Обратить внимание","Отклонений нет") -> Обратить внимание | O4: =IF(OR(ЦТО!AB4=ЦТО!$BK$8,ЦТО!AB4=ЦТО!$BK$9,ЦТО!AB4=ЦТО!$BK$10),"Обратить внимание","Отклонений нет") -> Обратить внимание | P4: =IF(OR(ЦТО!AC4=ЦТО!$BK$8,ЦТО!AC4=ЦТО!$BK$9,ЦТО!AC4=ЦТО!$BK$10),"Обратить внимание","Отклонений нет") -> Отклонений нет | Q4: =IF(OR(ЦТО!AD4=ЦТО!$BK$8,ЦТО!AD4=ЦТО!$BK$9,ЦТО!AD4=ЦТО!$BK$10),"Обратить внимание","Отклонений нет") -> Отклонений нет | ... X4: =IF(OR(ЦТО!AK4=ЦТО!$BK$8,ЦТО!AK4=ЦТО!$BK$9,ЦТО!AK4=ЦТО!$BK$10),"Обратить внимание","Отклонений нет") -> Отклонений нет
A5: 3 | B5: =IF(ЦТО!B5="","",ЦТО!B5) -> В | C5: =IF(ЦТО!C5="","",ЦТО!C5) -> 2 а | D5: =IF(ЦТО!D5="","",ЦТО!D5) | E5: =IF(ЦТО!$N5=ЦТО!$W5,"Душа",IF(ЦТО!$N5=ЦТО!$X5,ЦТО!$X$2,IF(ЦТО!$N5=ЦТО!$Y5,ЦТО!$Y$2,IF(ЦТО!$N5=ЦТО!$AE5,ЦТО!$AE$2,IF(ЦТО!$N5=ЦТО!$AF5,ЦТО!$AF$2,IF(ЦТО!$N5=ЦТО!$AG5,ЦТО!$AG$2,IF(ЦТО!$N5=ЦТО!$AH5,ЦТО!$AH$2,IF(ЦТО!$N5=ЦТО!$AI5,ЦТО!$AI$2,IF(ЦТО!$N5=ЦТО!$AJ5,ЦТО!$AJ$2,IF(ЦТО!$N5=ЦТО!$AK5,ЦТО!$AK$2)))))))))) -> FALSE | F5: =IF(ЦТО!P5=ЦТО!W5,"Душа",IF(ЦТО!P5=ЦТО!X5,ЦТО!$X$2,IF(ЦТО!P5=ЦТО!Y5,ЦТО!$Y$2,IF(ЦТО!P5=ЦТО!AE5,ЦТО!$AE$2,IF(ЦТО!P5=ЦТО!AF5,ЦТО!$AF$2,IF(ЦТО!P5=ЦТО!AG5,ЦТО!$AG$2,IF(ЦТО!P5=ЦТО!AH5,ЦТО!$AH$2,IF(ЦТО!P5=ЦТО!AI5,ЦТО!$AI$2,IF(ЦТО!P5=ЦТО!AJ5,ЦТО!$AJ$2,IF(ЦТО!P5=ЦТО!AK5,ЦТО!$AK$2)))))))))) -> Уроки | G5: =IF(ЦТО!$R5=ЦТО!$W5,"Душа",IF(ЦТО!$R5=ЦТО!$X5,ЦТО!$X$2,IF(ЦТО!$R5=ЦТО!$Y5,ЦТО!$Y$2,IF(ЦТО!$R5=ЦТО!$AE5,ЦТО!$AE$2,IF(ЦТО!$R5=ЦТО!$AF5,ЦТО!$AF$2,IF(ЦТО!$R5=ЦТО!$AG5,ЦТО!$AG$2,IF(ЦТО!$R5=ЦТО!$AH5,ЦТО!$AH$2,IF(ЦТО!$R5=ЦТО!$AI5,ЦТО!$AI$2,IF(ЦТО!$R5=ЦТО!$AJ5,ЦТО!$AJ$2,IF(ЦТО!$R5=ЦТО!$AK5,ЦТО!$AK$2)))))))))) -> Школа | H5: =IF(ЦТО!$T5=ЦТО!$W5,"Душа",IF(ЦТО!$T5=ЦТО!$X5,ЦТО!$X$2,IF(ЦТО!$T5=ЦТО!$Y5,ЦТО!$Y$2,IF(ЦТО!$T5=ЦТО!$AE5,ЦТО!$AE$2,IF(ЦТО!$T5=ЦТО!$AF5,ЦТО!$AF$2,IF(ЦТО!$T5=ЦТО!$AG5,ЦТО!$AG$2,IF(ЦТО!$T5=ЦТО!$AH5,ЦТО!$AH$2,IF(ЦТО!$T5=ЦТО!$AI5,ЦТО!$AI$2,IF(ЦТО!$T5=ЦТО!$AJ5,ЦТО!$AJ$2,IF(ЦТО!$T5=ЦТО!$AK5,ЦТО!$AK$2)))))))))) -> FALSE | I5: =IF(ЦТО!$U5=ЦТО!$W5,"Душа",IF(ЦТО!$U5=ЦТО!$X5,ЦТО!$X$2,IF(ЦТО!$U5=ЦТО!$Y5,ЦТО!$Y$2,IF(ЦТО!$U5=ЦТО!$AE5,ЦТО!$AE$2,IF(ЦТО!$U5=ЦТО!$AF5,ЦТО!$AF$2,IF(ЦТО!$U5=ЦТО!$AG5,ЦТО!$AG$2,IF(ЦТО!$U5=ЦТО!$AH5,ЦТО!$AH$2,IF(ЦТО!$U5=ЦТО!$AI5,ЦТО!$AI$2,IF(ЦТО!$U5=ЦТО!$AJ5,ЦТО!$AJ$2,IF(ЦТО!$U5=ЦТО!$AK5,ЦТО!$AK$2)))))))))) -> Школа | J5: =IF(OR(ЦТО!W5=ЦТО!$BK$8,ЦТО!W5=ЦТО!$BK$9,ЦТО!W5=ЦТО!$BK$10),"Обратить внимание","Отклонений нет") -> Отклонений нет | K5: =IF(OR(ЦТО!X5=ЦТО!$BK$8,ЦТО!X5=ЦТО!$BK$9,ЦТО!X5=ЦТО!$BK$10),"Обратить внимание","Отклонений нет") -> Обратить внимание | L5: =IF(OR(ЦТО!Y5=ЦТО!$BK$8,ЦТО!Y5=ЦТО!$BK$9,ЦТО!Y5=ЦТО!$BK$10),"Обратить внимание","Отклонений нет") -> Отклонений нет | M5: =IF(OR(ЦТО!Z5=ЦТО!$BK$8,ЦТО!Z5=ЦТО!$BK$9,ЦТО!Z5=ЦТО!$BK$10),"Обратить внимание","Отклонений нет") -> Отклонений нет | N5: =IF(OR(ЦТО!AA5=ЦТО!$BK$8,ЦТО!AA5=ЦТО!$BK$9,ЦТО!AA5=ЦТО!$BK$10),"Обратить внимание","Отклонений нет") -> Обратить внимание | O5: =IF(OR(ЦТО!AB5=ЦТО!$BK$8,ЦТО!AB5=ЦТО!$BK$9,ЦТО!AB5=ЦТО!$BK$10),"Обратить внимание","Отклонений нет") -> Обратить внимание | P5: =IF(OR(ЦТО!AC5=ЦТО!$BK$8,ЦТО!AC5=ЦТО!$BK$9,ЦТО!AC5=ЦТО!$BK$10),"Обратить внимание","Отклонений нет") -> Отклонений нет | Q5: =IF(OR(ЦТО!AD5=ЦТО!$BK$8,ЦТО!AD5=ЦТО!$BK$9,ЦТО!AD5=ЦТО!$BK$10),"Обратить внимание","Отклонений нет") -> Отклонений нет | ... X5: =IF(OR(ЦТО!AK5=ЦТО!$BK$8,ЦТО!AK5=ЦТО!$BK$9,ЦТО!AK5=ЦТО!$BK$10),"Обратить внимание","Отклонений нет") -> Отклонений нет
A6: 4 | B6: =IF(ЦТО!B6="","",ЦТО!B6) -> Г | C6: =IF(ЦТО!C6="","",ЦТО!C6) -> 2 а | D6: =IF(ЦТО!D6="","",ЦТО!D6) | E6: =IF(ЦТО!$N6=ЦТО!$W6,"Душа",IF(ЦТО!$N6=ЦТО!$X6,ЦТО!$X$2,IF(ЦТО!$N6=ЦТО!$Y6,ЦТО!$Y$2,IF(ЦТО!$N6=ЦТО!$AE6,ЦТО!$AE$2,IF(ЦТО!$N6=ЦТО!$AF6,ЦТО!$AF$2,IF(ЦТО!$N6=ЦТО!$AG6,ЦТО!$AG$2,IF(ЦТО!$N6=ЦТО!$AH6,ЦТО!$AH$2,IF(ЦТО!$N6=ЦТО!$AI6,ЦТО!$AI$2,IF(ЦТО!$N6=ЦТО!$AJ6,ЦТО!$AJ$2,IF(ЦТО!$N6=ЦТО!$AK6,ЦТО!$AK$2)))))))))) -> FALSE | F6: =IF(ЦТО!P6=ЦТО!W6,"Душа",IF(ЦТО!P6=ЦТО!X6,ЦТО!$X$2,IF(ЦТО!P6=ЦТО!Y6,ЦТО!$Y$2,IF(ЦТО!P6=ЦТО!AE6,ЦТО!$AE$2,IF(ЦТО!P6=ЦТО!AF6,ЦТО!$AF$2,IF(ЦТО!P6=ЦТО!AG6,ЦТО!$AG$2,IF(ЦТО!P6=ЦТО!AH6,ЦТО!$AH$2,IF(ЦТО!P6=ЦТО!AI6,ЦТО!$AI$2,IF(ЦТО!P6=ЦТО!AJ6,ЦТО!$AJ$2,IF(ЦТО!P6=ЦТО!AK6,ЦТО!$AK$2)))))))))) -> Школа | G6: =IF(ЦТО!$R6=ЦТО!$W6,"Душа",IF(ЦТО!$R6=ЦТО!$X6,ЦТО!$X$2,IF(ЦТО!$R6=ЦТО!$Y6,ЦТО!$Y$2,IF(ЦТО!$R6=ЦТО!$AE6,ЦТО!$AE$2,IF(ЦТО!$R6=ЦТО!$AF6,ЦТО!$AF$2,IF(ЦТО!$R6=ЦТО!$AG6,ЦТО!$AG$2,IF(ЦТО!$R6=ЦТО!$AH6,ЦТО!$AH$2,IF(ЦТО!$R6=ЦТО!$AI6,ЦТО!$AI$2,IF(ЦТО!$R6=ЦТО!$AJ6,ЦТО!$AJ$2,IF(ЦТО!$R6=ЦТО!$AK6,ЦТО!$AK$2)))))))))) -> FALSE | H6: =IF(ЦТО!$T6=ЦТО!$W6,"Душа",IF(ЦТО!$T6=ЦТО!$X6,ЦТО!$X$2,IF(ЦТО!$T6=ЦТО!$Y6,ЦТО!$Y$2,IF(ЦТО!$T6=ЦТО!$AE6,ЦТО!$AE$2,IF(ЦТО!$T6=ЦТО!$AF6,ЦТО!$AF$2,IF(ЦТО!$T6=ЦТО!$AG6,ЦТО!$AG$2,IF(ЦТО!$T6=ЦТО!$AH6,ЦТО!$AH$2,IF(ЦТО!$T6=ЦТО!$AI6,ЦТО!$AI$2,IF(ЦТО!$T6=ЦТО!$AJ6,ЦТО!$AJ$2,IF(ЦТО!$T6=ЦТО!$AK6,ЦТО!$AK$2)))))))))) -> FALSE | I6: =IF(ЦТО!$U6=ЦТО!$W6,"Душа",IF(ЦТО!$U6=ЦТО!$X6,ЦТО!$X$2,IF(ЦТО!$U6=ЦТО!$Y6,ЦТО!$Y$2,IF(ЦТО!$U6=ЦТО!$AE6,ЦТО!$AE$2,IF(ЦТО!$U6=ЦТО!$AF6,ЦТО!$AF$2,IF(ЦТО!$U6=ЦТО!$AG6,ЦТО!$AG$2,IF(ЦТО!$U6=ЦТО!$AH6,ЦТО!$AH$2,IF(ЦТО!$U6=ЦТО!$AI6,ЦТО!$AI$2,IF(ЦТО!$U6=ЦТО!$AJ6,ЦТО!$AJ$2,IF(ЦТО!$U6=ЦТО!$AK6,ЦТО!$AK$2)))))))))) -> FALSE | J6: =IF(OR(ЦТО!W6=ЦТО!$BK$8,ЦТО!W6=ЦТО!$BK$9,ЦТО!W6=ЦТО!$BK$10),"Обратить внимание","Отклонений нет") -> Отклонений нет | K6: =IF(OR(ЦТО!X6=ЦТО!$BK$8,ЦТО!X6=ЦТО!$BK$9,ЦТО!X6=ЦТО!$BK$10),"Обратить внимание","Отклонений нет") -> Обратить внимание | L6: =IF(OR(ЦТО!Y6=ЦТО!$BK$8,ЦТО!Y6=ЦТО!$BK$9,ЦТО!Y6=ЦТО!$BK$10),"Обратить внимание","Отклонений нет") -> Обратить внимание | M6: =IF(OR(ЦТО!Z6=ЦТО!$BK$8,ЦТО!Z6=ЦТО!$BK$9,ЦТО!Z6=ЦТО!$BK$10),"Обратить внимание","Отклонений нет") -> Обратить внимание | N6: =IF(OR(ЦТО!AA6=ЦТО!$BK$8,ЦТО!AA6=ЦТО!$BK$9,ЦТО!AA6=ЦТО!$BK$10),"Обратить внимание","Отклонений нет") -> Обратить внимание | O6: =IF(OR(ЦТО!AB6=ЦТО!$BK$8,ЦТО!AB6=ЦТО!$BK$9,ЦТО!AB6=ЦТО!$BK$10),"Обратить внимание","Отклонений нет") -> Обратить внимание | P6: =IF(OR(ЦТО!AC6=ЦТО!$BK$8,ЦТО!AC6=ЦТО!$BK$9,ЦТО!AC6=ЦТО!$BK$10),"Обратить внимание","Отклонений нет") -> Обратить внимание | Q6: =IF(OR(ЦТО!AD6=ЦТО!$BK$8,ЦТО!AD6=ЦТО!$BK$9,ЦТО!AD6=ЦТО!$BK$10),"Обратить внимание","Отклонений нет") -> Обратить внимание | ... X6: =IF(OR(ЦТО!AK6=ЦТО!$BK$8,ЦТО!AK6=ЦТО!$BK$9,ЦТО!AK6=ЦТО!$BK$10),"Обратить внимание","Отклонений нет") -> Отклонений нет
A7: 5 | B7: =IF(ЦТО!B7="","",ЦТО!B7) -> Д | C7: =IF(ЦТО!C7="","",ЦТО!C7) -> 2 а | D7: =IF(ЦТО!D7="","",ЦТО!D7) | E7: =IF(ЦТО!$N7=ЦТО!$W7,"Душа",IF(ЦТО!$N7=ЦТО!$X7,ЦТО!$X$2,IF(ЦТО!$N7=ЦТО!$Y7,ЦТО!$Y$2,IF(ЦТО!$N7=ЦТО!$AE7,ЦТО!$AE$2,IF(ЦТО!$N7=ЦТО!$AF7,ЦТО!$AF$2,IF(ЦТО!$N7=ЦТО!$AG7,ЦТО!$AG$2,IF(ЦТО!$N7=ЦТО!$AH7,ЦТО!$AH$2,IF(ЦТО!$N7=ЦТО!$AI7,ЦТО!$AI$2,IF(ЦТО!$N7=ЦТО!$AJ7,ЦТО!$AJ$2,IF(ЦТО!$N7=ЦТО!$AK7,ЦТО!$AK$2)))))))))) -> FALSE | F7: =IF(ЦТО!P7=ЦТО!W7,"Душа",IF(ЦТО!P7=ЦТО!X7,ЦТО!$X$2,IF(ЦТО!P7=ЦТО!Y7,ЦТО!$Y$2,IF(ЦТО!P7=ЦТО!AE7,ЦТО!$AE$2,IF(ЦТО!P7=ЦТО!AF7,ЦТО!$AF$2,IF(ЦТО!P7=ЦТО!AG7,ЦТО!$AG$2,IF(ЦТО!P7=ЦТО!AH7,ЦТО!$AH$2,IF(ЦТО!P7=ЦТО!AI7,ЦТО!$AI$2,IF(ЦТО!P7=ЦТО!AJ7,ЦТО!$AJ$2,IF(ЦТО!P7=ЦТО!AK7,ЦТО!$AK$2)))))))))) -> FALSE | G7: =IF(ЦТО!$R7=ЦТО!$W7,"Душа",IF(ЦТО!$R7=ЦТО!$X7,ЦТО!$X$2,IF(ЦТО!$R7=ЦТО!$Y7,ЦТО!$Y$2,IF(ЦТО!$R7=ЦТО!$AE7,ЦТО!$AE$2,IF(ЦТО!$R7=ЦТО!$AF7,ЦТО!$AF$2,IF(ЦТО!$R7=ЦТО!$AG7,ЦТО!$AG$2,IF(ЦТО!$R7=ЦТО!$AH7,ЦТО!$AH$2,IF(ЦТО!$R7=ЦТО!$AI7,ЦТО!$AI$2,IF(ЦТО!$R7=ЦТО!$AJ7,ЦТО!$AJ$2,IF(ЦТО!$R7=ЦТО!$AK7,ЦТО!$AK$2)))))))))) -> FALSE | H7: =IF(ЦТО!$T7=ЦТО!$W7,"Душа",IF(ЦТО!$T7=ЦТО!$X7,ЦТО!$X$2,IF(ЦТО!$T7=ЦТО!$Y7,ЦТО!$Y$2,IF(ЦТО!$T7=ЦТО!$AE7,ЦТО!$AE$2,IF(ЦТО!$T7=ЦТО!$AF7,ЦТО!$AF$2,IF(ЦТО!$T7=ЦТО!$AG7,ЦТО!$AG$2,IF(ЦТО!$T7=ЦТО!$AH7,ЦТО!$AH$2,IF(ЦТО!$T7=ЦТО!$AI7,ЦТО!$AI$2,IF(ЦТО!$T7=ЦТО!$AJ7,ЦТО!$AJ$2,IF(ЦТО!$T7=ЦТО!$AK7,ЦТО!$AK$2)))))))))) -> FALSE | I7: =IF(ЦТО!$U7=ЦТО!$W7,"Душа",IF(ЦТО!$U7=ЦТО!$X7,ЦТО!$X$2,IF(ЦТО!$U7=ЦТО!$Y7,ЦТО!$Y$2,IF(ЦТО!$U7=ЦТО!$AE7,ЦТО!$AE$2,IF(ЦТО!$U7=ЦТО!$AF7,ЦТО!$AF$2,IF(ЦТО!$U7=ЦТО!$AG7,ЦТО!$AG$2,IF(ЦТО!$U7=ЦТО!$AH7,ЦТО!$AH$2,IF(ЦТО!$U7=ЦТО!$AI7,ЦТО!$AI$2,IF(ЦТО!$U7=ЦТО!$AJ7,ЦТО!$AJ$2,IF(ЦТО!$U7=ЦТО!$AK7,ЦТО!$AK$2)))))))))) -> Школа | J7: =IF(OR(ЦТО!W7=ЦТО!$BK$8,ЦТО!W7=ЦТО!$BK$9,ЦТО!W7=ЦТО!$BK$10),"Обратить внимание","Отклонений нет") -> Отклонений нет | K7: =IF(OR(ЦТО!X7=ЦТО!$BK$8,ЦТО!X7=ЦТО!$BK$9,ЦТО!X7=ЦТО!$BK$10),"Обратить внимание","Отклонений нет") -> Отклонений нет | L7: =IF(OR(ЦТО!Y7=ЦТО!$BK$8,ЦТО!Y7=ЦТО!$BK$9,ЦТО!Y7=ЦТО!$BK$10),"Обратить внимание","Отклонений нет") -> Отклонений нет | M7: =IF(OR(ЦТО!Z7=ЦТО!$BK$8,ЦТО!Z7=ЦТО!$BK$9,ЦТО!Z7=ЦТО!$BK$10),"Обратить внимание","Отклонений нет") -> Отклонений нет | N7: =IF(OR(ЦТО!AA7=ЦТО!$BK$8,ЦТО!AA7=ЦТО!$BK$9,ЦТО!AA7=ЦТО!$BK$10),"Обратить внимание","Отклонений нет") -> Отклонений нет | O7: =IF(OR(ЦТО!AB7=ЦТО!$BK$8,ЦТО!AB7=ЦТО!$BK$9,ЦТО!AB7=ЦТО!$BK$10),"Обратить внимание","Отклонений нет") -> Отклонений нет | P7: =IF(OR(ЦТО!AC7=ЦТО!$BK$8,ЦТО!AC7=ЦТО!$BK$9,ЦТО!AC7=ЦТО!$BK$10),"Обратить внимание","Отклонений нет") -> Обратить внимание | Q7: =IF(OR(ЦТО!AD7=ЦТО!$BK$8,ЦТО!AD7=ЦТО!$BK$9,ЦТО!AD7=ЦТО!$BK$10),"Обратить внимание","Отклонений нет") -> Отклонений нет | ... X7: =IF(OR(ЦТО!AK7=ЦТО!$BK$8,ЦТО!AK7=ЦТО!$BK$9,ЦТО!AK7=ЦТО!$BK$10),"Обратить внимание","Отклонений нет") -> Отклонений нет
A8: 6 | B8: =IF(ЦТО!B8="","",ЦТО!B8) -> Е | C8: =IF(ЦТО!C8="","",ЦТО!C8) -> 2 а | D8: =IF(ЦТО!D8="","",ЦТО!D8) | E8: =IF(ЦТО!$N8=ЦТО!$W8,"Душа",IF(ЦТО!$N8=ЦТО!$X8,ЦТО!$X$2,IF(ЦТО!$N8=ЦТО!$Y8,ЦТО!$Y$2,IF(ЦТО!$N8=ЦТО!$AE8,ЦТО!$AE$2,IF(ЦТО!$N8=ЦТО!$AF8,ЦТО!$AF$2,IF(ЦТО!$N8=ЦТО!$AG8,ЦТО!$AG$2,IF(ЦТО!$N8=ЦТО!$AH8,ЦТО!$AH$2,IF(ЦТО!$N8=ЦТО!$AI8,ЦТО!$AI$2,IF(ЦТО!$N8=ЦТО!$AJ8,ЦТО!$AJ$2,IF(ЦТО!$N8=ЦТО!$AK8,ЦТО!$AK$2)))))))))) -> Душа | F8: =IF(ЦТО!P8=ЦТО!W8,"Душа",IF(ЦТО!P8=ЦТО!X8,ЦТО!$X$2,IF(ЦТО!P8=ЦТО!Y8,ЦТО!$Y$2,IF(ЦТО!P8=ЦТО!AE8,ЦТО!$AE$2,IF(ЦТО!P8=ЦТО!AF8,ЦТО!$AF$2,IF(ЦТО!P8=ЦТО!AG8,ЦТО!$AG$2,IF(ЦТО!P8=ЦТО!AH8,ЦТО!$AH$2,IF(ЦТО!P8=ЦТО!AI8,ЦТО!$AI$2,IF(ЦТО!P8=ЦТО!AJ8,ЦТО!$AJ$2,IF(ЦТО!P8=ЦТО!AK8,ЦТО!$AK$2)))))))))) -> Душа | G8: =IF(ЦТО!$R8=ЦТО!$W8,"Душа",IF(ЦТО!$R8=ЦТО!$X8,ЦТО!$X$2,IF(ЦТО!$R8=ЦТО!$Y8,ЦТО!$Y$2,IF(ЦТО!$R8=ЦТО!$AE8,ЦТО!$AE$2,IF(ЦТО!$R8=ЦТО!$AF8,ЦТО!$AF$2,IF(ЦТО!$R8=ЦТО!$AG8,ЦТО!$AG$2,IF(ЦТО!$R8=ЦТО!$AH8,ЦТО!$AH$2,IF(ЦТО!$R8=ЦТО!$AI8,ЦТО!$AI$2,IF(ЦТО!$R8=ЦТО!$AJ8,ЦТО!$AJ$2,IF(ЦТО!$R8=ЦТО!$AK8,ЦТО!$AK$2)))))))))) -> Душа | H8: =IF(ЦТО!$T8=ЦТО!$W8,"Душа",IF(ЦТО!$T8=ЦТО!$X8,ЦТО!$X$2,IF(ЦТО!$T8=ЦТО!$Y8,ЦТО!$Y$2,IF(ЦТО!$T8=ЦТО!$AE8,ЦТО!$AE$2,IF(ЦТО!$T8=ЦТО!$AF8,ЦТО!$AF$2,IF(ЦТО!$T8=ЦТО!$AG8,ЦТО!$AG$2,IF(ЦТО!$T8=ЦТО!$AH8,ЦТО!$AH$2,IF(ЦТО!$T8=ЦТО!$AI8,ЦТО!$AI$2,IF(ЦТО!$T8=ЦТО!$AJ8,ЦТО!$AJ$2,IF(ЦТО!$T8=ЦТО!$AK8,ЦТО!$AK$2)))))))))) -> Душа | I8: =IF(ЦТО!$U8=ЦТО!$W8,"Душа",IF(ЦТО!$U8=ЦТО!$X8,ЦТО!$X$2,IF(ЦТО!$U8=ЦТО!$Y8,ЦТО!$Y$2,IF(ЦТО!$U8=ЦТО!$AE8,ЦТО!$AE$2,IF(ЦТО!$U8=ЦТО!$AF8,ЦТО!$AF$2,IF(ЦТО!$U8=ЦТО!$AG8,ЦТО!$AG$2,IF(ЦТО!$U8=ЦТО!$AH8,ЦТО!$AH$2,IF(ЦТО!$U8=ЦТО!$AI8,ЦТО!$AI$2,IF(ЦТО!$U8=ЦТО!$AJ8,ЦТО!$AJ$2,IF(ЦТО!$U8=ЦТО!$AK8,ЦТО!$AK$2)))))))))) -> Душа | J8: =IF(OR(ЦТО!W8=ЦТО!$BK$8,ЦТО!W8=ЦТО!$BK$9,ЦТО!W8=ЦТО!$BK$10),"Обратить внимание","Отклонений нет") -> Отклонений нет | K8: =IF(OR(ЦТО!X8=ЦТО!$BK$8,ЦТО!X8=ЦТО!$BK$9,ЦТО!X8=ЦТО!$BK$10),"Обратить внимание","Отклонений нет") -> Отклонений нет | L8: =IF(OR(ЦТО!Y8=ЦТО!$BK$8,ЦТО!Y8=ЦТО!$BK$9,ЦТО!Y8=ЦТО!$BK$10),"Обратить внимание","Отклонений нет") -> Отклонений нет | M8: =IF(OR(ЦТО!Z8=ЦТО!$BK$8,ЦТО!Z8=ЦТО!$BK$9,ЦТО!Z8=ЦТО!$BK$10),"Обратить внимание","Отклонений нет") -> Отклонений нет | N8: =IF(OR(ЦТО!AA8=ЦТО!$BK$8,ЦТО!AA8=ЦТО!$BK$9,ЦТО!AA8=ЦТО!$BK$10),"Обратить внимание","Отклонений нет") -> Отклонений нет | O8: =IF(OR(ЦТО!AB8=ЦТО!$BK$8,ЦТО!AB8=ЦТО!$BK$9,ЦТО!AB8=ЦТО!$BK$10),"Обратить внимание","Отклонений нет") -> Отклонений нет | P8: =IF(OR(ЦТО!AC8=ЦТО!$BK$8,ЦТО!AC8=ЦТО!$BK$9,ЦТО!AC8=ЦТО!$BK$10),"Обратить внимание","Отклонений нет") -> Отклонений нет | Q8: =IF(OR(ЦТО!AD8=ЦТО!$BK$8,ЦТО!AD8=ЦТО!$BK$9,ЦТО!AD8=ЦТО!$BK$10),"Обратить внимание","Отклонений нет") -> Отклонений нет | ... X8: =IF(OR(ЦТО!AK8=ЦТО!$BK$8,ЦТО!AK8=ЦТО!$BK$9,ЦТО!AK8=ЦТО!$BK$10),"Обратить внимание","Отклонений нет") -> Отклонений нет
A9: 7 | B9: =IF(ЦТО!B9="","",ЦТО!B9) -> Ж | C9: =IF(ЦТО!C9="","",ЦТО!C9) -> 2 а | D9: =IF(ЦТО!D9="","",ЦТО!D9) | E9: =IF(ЦТО!$N9=ЦТО!$W9,"Душа",IF(ЦТО!$N9=ЦТО!$X9,ЦТО!$X$2,IF(ЦТО!$N9=ЦТО!$Y9,ЦТО!$Y$2,IF(ЦТО!$N9=ЦТО!$AE9,ЦТО!$AE$2,IF(ЦТО!$N9=ЦТО!$AF9,ЦТО!$AF$2,IF(ЦТО!$N9=ЦТО!$AG9,ЦТО!$AG$2,IF(ЦТО!$N9=ЦТО!$AH9,ЦТО!$AH$2,IF(ЦТО!$N9=ЦТО!$AI9,ЦТО!$AI$2,IF(ЦТО!$N9=ЦТО!$AJ9,ЦТО!$AJ$2,IF(ЦТО!$N9=ЦТО!$AK9,ЦТО!$AK$2)))))))))) -> FALSE | F9: =IF(ЦТО!P9=ЦТО!W9,"Душа",IF(ЦТО!P9=ЦТО!X9,ЦТО!$X$2,IF(ЦТО!P9=ЦТО!Y9,ЦТО!$Y$2,IF(ЦТО!P9=ЦТО!AE9,ЦТО!$AE$2,IF(ЦТО!P9=ЦТО!AF9,ЦТО!$AF$2,IF(ЦТО!P9=ЦТО!AG9,ЦТО!$AG$2,IF(ЦТО!P9=ЦТО!AH9,ЦТО!$AH$2,IF(ЦТО!P9=ЦТО!AI9,ЦТО!$AI$2,IF(ЦТО!P9=ЦТО!AJ9,ЦТО!$AJ$2,IF(ЦТО!P9=ЦТО!AK9,ЦТО!$AK$2)))))))))) -> Уроки | G9: =IF(ЦТО!$R9=ЦТО!$W9,"Душа",IF(ЦТО!$R9=ЦТО!$X9,ЦТО!$X$2,IF(ЦТО!$R9=ЦТО!$Y9,ЦТО!$Y$2,IF(ЦТО!$R9=ЦТО!$AE9,ЦТО!$AE$2,IF(ЦТО!$R9=ЦТО!$AF9,ЦТО!$AF$2,IF(ЦТО!$R9=ЦТО!$AG9,ЦТО!$AG$2,IF(ЦТО!$R9=ЦТО!$AH9,ЦТО!$AH$2,IF(ЦТО!$R9=ЦТО!$AI9,ЦТО!$AI$2,IF(ЦТО!$R9=ЦТО!$AJ9,ЦТО!$AJ$2,IF(ЦТО!$R9=ЦТО!$AK9,ЦТО!$AK$2)))))))))) -> FALSE | H9: =IF(ЦТО!$T9=ЦТО!$W9,"Душа",IF(ЦТО!$T9=ЦТО!$X9,ЦТО!$X$2,IF(ЦТО!$T9=ЦТО!$Y9,ЦТО!$Y$2,IF(ЦТО!$T9=ЦТО!$AE9,ЦТО!$AE$2,IF(ЦТО!$T9=ЦТО!$AF9,ЦТО!$AF$2,IF(ЦТО!$T9=ЦТО!$AG9,ЦТО!$AG$2,IF(ЦТО!$T9=ЦТО!$AH9,ЦТО!$AH$2,IF(ЦТО!$T9=ЦТО!$AI9,ЦТО!$AI$2,IF(ЦТО!$T9=ЦТО!$AJ9,ЦТО!$AJ$2,IF(ЦТО!$T9=ЦТО!$AK9,ЦТО!$AK$2)))))))))) -> FALSE | I9: =IF(ЦТО!$U9=ЦТО!$W9,"Душа",IF(ЦТО!$U9=ЦТО!$X9,ЦТО!$X$2,IF(ЦТО!$U9=ЦТО!$Y9,ЦТО!$Y$2,IF(ЦТО!$U9=ЦТО!$AE9,ЦТО!$AE$2,IF(ЦТО!$U9=ЦТО!$AF9,ЦТО!$AF$2,IF(ЦТО!$U9=ЦТО!$AG9,ЦТО!$AG$2,IF(ЦТО!$U9=ЦТО!$AH9,ЦТО!$AH$2,IF(ЦТО!$U9=ЦТО!$AI9,ЦТО!$AI$2,IF(ЦТО!$U9=ЦТО!$AJ9,ЦТО!$AJ$2,IF(ЦТО!$U9=ЦТО!$AK9,ЦТО!$AK$2)))))))))) -> Уроки | J9: =IF(OR(ЦТО!W9=ЦТО!$BK$8,ЦТО!W9=ЦТО!$BK$9,ЦТО!W9=ЦТО!$BK$10),"Обратить внимание","Отклонений нет") -> Отклонений нет | K9: =IF(OR(ЦТО!X9=ЦТО!$BK$8,ЦТО!X9=ЦТО!$BK$9,ЦТО!X9=ЦТО!$BK$10),"Обратить внимание","Отклонений нет") -> Отклонений нет | L9: =IF(OR(ЦТО!Y9=ЦТО!$BK$8,ЦТО!Y9=ЦТО!$BK$9,ЦТО!Y9=ЦТО!$BK$10),"Обратить внимание","Отклонений нет") -> Отклонений нет | M9: =IF(OR(ЦТО!Z9=ЦТО!$BK$8,ЦТО!Z9=ЦТО!$BK$9,ЦТО!Z9=ЦТО!$BK$10),"Обратить внимание","Отклонений нет") -> Отклонений нет | N9: =IF(OR(ЦТО!AA9=ЦТО!$BK$8,ЦТО!AA9=ЦТО!$BK$9,ЦТО!AA9=ЦТО!$BK$10),"Обратить внимание","Отклонений нет") -> Отклонений нет | O9: =IF(OR(ЦТО!AB9=ЦТО!$BK$8,ЦТО!AB9=ЦТО!$BK$9,ЦТО!AB9=ЦТО!$BK$10),"Обратить внимание","Отклонений нет") -> Отклонений нет | P9: =IF(OR(ЦТО!AC9=ЦТО!$BK$8,ЦТО!AC9=ЦТО!$BK$9,ЦТО!AC9=ЦТО!$BK$10),"Обратить внимание","Отклонений нет") -> Отклонений нет | Q9: =IF(OR(ЦТО!AD9=ЦТО!$BK$8,ЦТО!AD9=ЦТО!$BK$9,ЦТО!AD9=ЦТО!$BK$10),"Обратить внимание","Отклонений нет") -> Отклонений нет | ... X9: =IF(OR(ЦТО!AK9=ЦТО!$BK$8,ЦТО!AK9=ЦТО!$BK$9,ЦТО!AK9=ЦТО!$BK$10),"Обратить внимание","Отклонений нет") -> Отклонений нет
A10: 8 | B10: =IF(ЦТО!B10="","",ЦТО!B10) -> З | C10: =IF(ЦТО!C10="","",ЦТО!C10) -> 2 а | D10: =IF(ЦТО!D10="","",ЦТО!D10) | E10: =IF(ЦТО!$N10=ЦТО!$W10,"Душа",IF(ЦТО!$N10=ЦТО!$X10,ЦТО!$X$2,IF(ЦТО!$N10=ЦТО!$Y10,ЦТО!$Y$2,IF(ЦТО!$N10=ЦТО!$AE10,ЦТО!$AE$2,IF(ЦТО!$N10=ЦТО!$AF10,ЦТО!$AF$2,IF(ЦТО!$N10=ЦТО!$AG10,ЦТО!$AG$2,IF(ЦТО!$N10=ЦТО!$AH10,ЦТО!$AH$2,IF(ЦТО!$N10=ЦТО!$AI10,ЦТО!$AI$2,IF(ЦТО!$N10=ЦТО!$AJ10,ЦТО!$AJ$2,IF(ЦТО!$N10=ЦТО!$AK10,ЦТО!$AK$2)))))))))) -> FALSE | F10: =IF(ЦТО!P10=ЦТО!W10,"Душа",IF(ЦТО!P10=ЦТО!X10,ЦТО!$X$2,IF(ЦТО!P10=ЦТО!Y10,ЦТО!$Y$2,IF(ЦТО!P10=ЦТО!AE10,ЦТО!$AE$2,IF(ЦТО!P10=ЦТО!AF10,ЦТО!$AF$2,IF(ЦТО!P10=ЦТО!AG10,ЦТО!$AG$2,IF(ЦТО!P10=ЦТО!AH10,ЦТО!$AH$2,IF(ЦТО!P10=ЦТО!AI10,ЦТО!$AI$2,IF(ЦТО!P10=ЦТО!AJ10,ЦТО!$AJ$2,IF(ЦТО!P10=ЦТО!AK10,ЦТО!$AK$2)))))))))) -> Чтение | G10: =IF(ЦТО!$R10=ЦТО!$W10,"Душа",IF(ЦТО!$R10=ЦТО!$X10,ЦТО!$X$2,IF(ЦТО!$R10=ЦТО!$Y10,ЦТО!$Y$2,IF(ЦТО!$R10=ЦТО!$AE10,ЦТО!$AE$2,IF(ЦТО!$R10=ЦТО!$AF10,ЦТО!$AF$2,IF(ЦТО!$R10=ЦТО!$AG10,ЦТО!$AG$2,IF(ЦТО!$R10=ЦТО!$AH10,ЦТО!$AH$2,IF(ЦТО!$R10=ЦТО!$AI10,ЦТО!$AI$2,IF(ЦТО!$R10=ЦТО!$AJ10,ЦТО!$AJ$2,IF(ЦТО!$R10=ЦТО!$AK10,ЦТО!$AK$2)))))))))) -> FALSE | H10: =IF(ЦТО!$T10=ЦТО!$W10,"Душа",IF(ЦТО!$T10=ЦТО!$X10,ЦТО!$X$2,IF(ЦТО!$T10=ЦТО!$Y10,ЦТО!$Y$2,IF(ЦТО!$T10=ЦТО!$AE10,ЦТО!$AE$2,IF(ЦТО!$T10=ЦТО!$AF10,ЦТО!$AF$2,IF(ЦТО!$T10=ЦТО!$AG10,ЦТО!$AG$2,IF(ЦТО!$T10=ЦТО!$AH10,ЦТО!$AH$2,IF(ЦТО!$T10=ЦТО!$AI10,ЦТО!$AI$2,IF(ЦТО!$T10=ЦТО!$AJ10,ЦТО!$AJ$2,IF(ЦТО!$T10=ЦТО!$AK10,ЦТО!$AK$2)))))))))) -> FALSE | I10: =IF(ЦТО!$U10=ЦТО!$W10,"Душа",IF(ЦТО!$U10=ЦТО!$X10,ЦТО!$X$2,IF(ЦТО!$U10=ЦТО!$Y10,ЦТО!$Y$2,IF(ЦТО!$U10=ЦТО!$AE10,ЦТО!$AE$2,IF(ЦТО!$U10=ЦТО!$AF10,ЦТО!$AF$2,IF(ЦТО!$U10=ЦТО!$AG10,ЦТО!$AG$2,IF(ЦТО!$U10=ЦТО!$AH10,ЦТО!$AH$2,IF(ЦТО!$U10=ЦТО!$AI10,ЦТО!$AI$2,IF(ЦТО!$U10=ЦТО!$AJ10,ЦТО!$AJ$2,IF(ЦТО!$U10=ЦТО!$AK10,ЦТО!$AK$2)))))))))) -> FALSE | J10: =IF(OR(ЦТО!W10=ЦТО!$BK$8,ЦТО!W10=ЦТО!$BK$9,ЦТО!W10=ЦТО!$BK$10),"Обратить внимание","Отклонений нет") -> Отклонений нет | K10: =IF(OR(ЦТО!X10=ЦТО!$BK$8,ЦТО!X10=ЦТО!$BK$9,ЦТО!X10=ЦТО!$BK$10),"Обратить внимание","Отклонений нет") -> Отклонений нет | L10: =IF(OR(ЦТО!Y10=ЦТО!$BK$8,ЦТО!Y10=ЦТО!$BK$9,ЦТО!Y10=ЦТО!$BK$10),"Обратить внимание","Отклонений нет") -> Отклонений нет | M10: =IF(OR(ЦТО!Z10=ЦТО!$BK$8,ЦТО!Z10=ЦТО!$BK$9,ЦТО!Z10=ЦТО!$BK$10),"Обратить внимание","Отклонений нет") -> Отклонений нет | N10: =IF(OR(ЦТО!AA10=ЦТО!$BK$8,ЦТО!AA10=ЦТО!$BK$9,ЦТО!AA10=ЦТО!$BK$10),"Обратить внимание","Отклонений нет") -> Отклонений нет | O10: =IF(OR(ЦТО!AB10=ЦТО!$BK$8,ЦТО!AB10=ЦТО!$BK$9,ЦТО!AB10=ЦТО!$BK$10),"Обратить внимание","Отклонений нет") -> Обратить внимание | P10: =IF(OR(ЦТО!AC10=ЦТО!$BK$8,ЦТО!AC10=ЦТО!$BK$9,ЦТО!AC10=ЦТО!$BK$10),"Обратить внимание","Отклонений нет") -> Отклонений нет | Q10: =IF(OR(ЦТО!AD10=ЦТО!$BK$8,ЦТО!AD10=ЦТО!$BK$9,ЦТО!AD10=ЦТО!$BK$10),"Обратить внимание","Отклонений нет") -> Отклонений нет | ... X10: =IF(OR(ЦТО!AK10=ЦТО!$BK$8,ЦТО!AK10=ЦТО!$BK$9,ЦТО!AK10=ЦТО!$BK$10),"Обратить внимание","Отклонений нет") -> Отклонений нет
A11: 9 | B11: =IF(ЦТО!B11="","",ЦТО!B11) -> И | C11: =IF(ЦТО!C11="","",ЦТО!C11) -> 2 а | D11: =IF(ЦТО!D11="","",ЦТО!D11) | E11: =IF(ЦТО!$N11=ЦТО!$W11,"Душа",IF(ЦТО!$N11=ЦТО!$X11,ЦТО!$X$2,IF(ЦТО!$N11=ЦТО!$Y11,ЦТО!$Y$2,IF(ЦТО!$N11=ЦТО!$AE11,ЦТО!$AE$2,IF(ЦТО!$N11=ЦТО!$AF11,ЦТО!$AF$2,IF(ЦТО!$N11=ЦТО!$AG11,ЦТО!$AG$2,IF(ЦТО!$N11=ЦТО!$AH11,ЦТО!$AH$2,IF(ЦТО!$N11=ЦТО!$AI11,ЦТО!$AI$2,IF(ЦТО!$N11=ЦТО!$AJ11,ЦТО!$AJ$2,IF(ЦТО!$N11=ЦТО!$AK11,ЦТО!$AK$2)))))))))) -> FALSE | F11: =IF(ЦТО!P11=ЦТО!W11,"Душа",IF(ЦТО!P11=ЦТО!X11,ЦТО!$X$2,IF(ЦТО!P11=ЦТО!Y11,ЦТО!$Y$2,IF(ЦТО!P11=ЦТО!AE11,ЦТО!$AE$2,IF(ЦТО!P11=ЦТО!AF11,ЦТО!$AF$2,IF(ЦТО!P11=ЦТО!AG11,ЦТО!$AG$2,IF(ЦТО!P11=ЦТО!AH11,ЦТО!$AH$2,IF(ЦТО!P11=ЦТО!AI11,ЦТО!$AI$2,IF(ЦТО!P11=ЦТО!AJ11,ЦТО!$AJ$2,IF(ЦТО!P11=ЦТО!AK11,ЦТО!$AK$2)))))))))) -> FALSE | G11: =IF(ЦТО!$R11=ЦТО!$W11,"Душа",IF(ЦТО!$R11=ЦТО!$X11,ЦТО!$X$2,IF(ЦТО!$R11=ЦТО!$Y11,ЦТО!$Y$2,IF(ЦТО!$R11=ЦТО!$AE11,ЦТО!$AE$2,IF(ЦТО!$R11=ЦТО!$AF11,ЦТО!$AF$2,IF(ЦТО!$R11=ЦТО!$AG11,ЦТО!$AG$2,IF(ЦТО!$R11=ЦТО!$AH11,ЦТО!$AH$2,IF(ЦТО!$R11=ЦТО!$AI11,ЦТО!$AI$2,IF(ЦТО!$R11=ЦТО!$AJ11,ЦТО!$AJ$2,IF(ЦТО!$R11=ЦТО!$AK11,ЦТО!$AK$2)))))))))) -> FALSE | H11: =IF(ЦТО!$T11=ЦТО!$W11,"Душа",IF(ЦТО!$T11=ЦТО!$X11,ЦТО!$X$2,IF(ЦТО!$T11=ЦТО!$Y11,ЦТО!$Y$2,IF(ЦТО!$T11=ЦТО!$AE11,ЦТО!$AE$2,IF(ЦТО!$T11=ЦТО!$AF11,ЦТО!$AF$2,IF(ЦТО!$T11=ЦТО!$AG11,ЦТО!$AG$2,IF(ЦТО!$T11=ЦТО!$AH11,ЦТО!$AH$2,IF(ЦТО!$T11=ЦТО!$AI11,ЦТО!$AI$2,IF(ЦТО!$T11=ЦТО!$AJ11,ЦТО!$AJ$2,IF(ЦТО!$T11=ЦТО!$AK11,ЦТО!$AK$2)))))))))) -> FALSE | I11: =IF(ЦТО!$U11=ЦТО!$W11,"Душа",IF(ЦТО!$U11=ЦТО!$X11,ЦТО!$X$2,IF(ЦТО!$U11=ЦТО!$Y11,ЦТО!$Y$2,IF(ЦТО!$U11=ЦТО!$AE11,ЦТО!$AE$2,IF(ЦТО!$U11=ЦТО!$AF11,ЦТО!$AF$2,IF(ЦТО!$U11=ЦТО!$AG11,ЦТО!$AG$2,IF(ЦТО!$U11=ЦТО!$AH11,ЦТО!$AH$2,IF(ЦТО!$U11=ЦТО!$AI11,ЦТО!$AI$2,IF(ЦТО!$U11=ЦТО!$AJ11,ЦТО!$AJ$2,IF(ЦТО!$U11=ЦТО!$AK11,ЦТО!$AK$2)))))))))) -> FALSE | J11: =IF(OR(ЦТО!W11=ЦТО!$BK$8,ЦТО!W11=ЦТО!$BK$9,ЦТО!W11=ЦТО!$BK$10),"Обратить внимание","Отклонений нет") -> Отклонений нет | K11: =IF(OR(ЦТО!X11=ЦТО!$BK$8,ЦТО!X11=ЦТО!$BK$9,ЦТО!X11=ЦТО!$BK$10),"Обратить внимание","Отклонений нет") -> Отклонений нет | L11: =IF(OR(ЦТО!Y11=ЦТО!$BK$8,ЦТО!Y11=ЦТО!$BK$9,ЦТО!Y11=ЦТО!$BK$10),"Обратить внимание","Отклонений нет") -> Отклонений нет | M11: =IF(OR(ЦТО!Z11=ЦТО!$BK$8,ЦТО!Z11=ЦТО!$BK$9,ЦТО!Z11=ЦТО!$BK$10),"Обратить внимание","Отклонений нет") -> Отклонений нет | N11: =IF(OR(ЦТО!AA11=ЦТО!$BK$8,ЦТО!AA11=ЦТО!$BK$9,ЦТО!AA11=ЦТО!$BK$10),"Обратить внимание","Отклонений нет") -> Отклонений нет | O11: =IF(OR(ЦТО!AB11=ЦТО!$BK$8,ЦТО!AB11=ЦТО!$BK$9,ЦТО!AB11=ЦТО!$BK$10),"Обратить внимание","Отклонений нет") -> Отклонений нет | P11: =IF(OR(ЦТО!AC11=ЦТО!$BK$8,ЦТО!AC11=ЦТО!$BK$9,ЦТО!AC11=ЦТО!$BK$10),"Обратить внимание","Отклонений нет") -> Отклонений нет | Q11: =IF(OR(ЦТО!AD11=ЦТО!$BK$8,ЦТО!AD11=ЦТО!$BK$9,ЦТО!AD11=ЦТО!$BK$10),"Обратить внимание","Отклонений нет") -> Отклонений нет | ... X11: =IF(OR(ЦТО!AK11=ЦТО!$BK$8,ЦТО!AK11=ЦТО!$BK$9,ЦТО!AK11=ЦТО!$BK$10),"Обратить внимание","Отклонений нет") -> Отклонений нет
A12: 10 | B12: =IF(ЦТО!B12="","",ЦТО!B12) -> К | C12: =IF(ЦТО!C12="","",ЦТО!C12) -> 2 а | D12: =IF(ЦТО!D12="","",ЦТО!D12) | E12: =IF(ЦТО!$N12=ЦТО!$W12,"Душа",IF(ЦТО!$N12=ЦТО!$X12,ЦТО!$X$2,IF(ЦТО!$N12=ЦТО!$Y12,ЦТО!$Y$2,IF(ЦТО!$N12=ЦТО!$AE12,ЦТО!$AE$2,IF(ЦТО!$N12=ЦТО!$AF12,ЦТО!$AF$2,IF(ЦТО!$N12=ЦТО!$AG12,ЦТО!$AG$2,IF(ЦТО!$N12=ЦТО!$AH12,ЦТО!$AH$2,IF(ЦТО!$N12=ЦТО!$AI12,ЦТО!$AI$2,IF(ЦТО!$N12=ЦТО!$AJ12,ЦТО!$AJ$2,IF(ЦТО!$N12=ЦТО!$AK12,ЦТО!$AK$2)))))))))) -> FALSE | F12: =IF(ЦТО!P12=ЦТО!W12,"Душа",IF(ЦТО!P12=ЦТО!X12,ЦТО!$X$2,IF(ЦТО!P12=ЦТО!Y12,ЦТО!$Y$2,IF(ЦТО!P12=ЦТО!AE12,ЦТО!$AE$2,IF(ЦТО!P12=ЦТО!AF12,ЦТО!$AF$2,IF(ЦТО!P12=ЦТО!AG12,ЦТО!$AG$2,IF(ЦТО!P12=ЦТО!AH12,ЦТО!$AH$2,IF(ЦТО!P12=ЦТО!AI12,ЦТО!$AI$2,IF(ЦТО!P12=ЦТО!AJ12,ЦТО!$AJ$2,IF(ЦТО!P12=ЦТО!AK12,ЦТО!$AK$2)))))))))) -> Школа | G12: =IF(ЦТО!$R12=ЦТО!$W12,"Душа",IF(ЦТО!$R12=ЦТО!$X12,ЦТО!$X$2,IF(ЦТО!$R12=ЦТО!$Y12,ЦТО!$Y$2,IF(ЦТО!$R12=ЦТО!$AE12,ЦТО!$AE$2,IF(ЦТО!$R12=ЦТО!$AF12,ЦТО!$AF$2,IF(ЦТО!$R12=ЦТО!$AG12,ЦТО!$AG$2,IF(ЦТО!$R12=ЦТО!$AH12,ЦТО!$AH$2,IF(ЦТО!$R12=ЦТО!$AI12,ЦТО!$AI$2,IF(ЦТО!$R12=ЦТО!$AJ12,ЦТО!$AJ$2,IF(ЦТО!$R12=ЦТО!$AK12,ЦТО!$AK$2)))))))))) -> Школа | H12: =IF(ЦТО!$T12=ЦТО!$W12,"Душа",IF(ЦТО!$T12=ЦТО!$X12,ЦТО!$X$2,IF(ЦТО!$T12=ЦТО!$Y12,ЦТО!$Y$2,IF(ЦТО!$T12=ЦТО!$AE12,ЦТО!$AE$2,IF(ЦТО!$T12=ЦТО!$AF12,ЦТО!$AF$2,IF(ЦТО!$T12=ЦТО!$AG12,ЦТО!$AG$2,IF(ЦТО!$T12=ЦТО!$AH12,ЦТО!$AH$2,IF(ЦТО!$T12=ЦТО!$AI12,ЦТО!$AI$2,IF(ЦТО!$T12=ЦТО!$AJ12,ЦТО!$AJ$2,IF(ЦТО!$T12=ЦТО!$AK12,ЦТО!$AK$2)))))))))) -> Школа | I12: =IF(ЦТО!$U12=ЦТО!$W12,"Душа",IF(ЦТО!$U12=ЦТО!$X12,ЦТО!$X$2,IF(ЦТО!$U12=ЦТО!$Y12,ЦТО!$Y$2,IF(ЦТО!$U12=ЦТО!$AE12,ЦТО!$AE$2,IF(ЦТО!$U12=ЦТО!$AF12,ЦТО!$AF$2,IF(ЦТО!$U12=ЦТО!$AG12,ЦТО!$AG$2,IF(ЦТО!$U12=ЦТО!$AH12,ЦТО!$AH$2,IF(ЦТО!$U12=ЦТО!$AI12,ЦТО!$AI$2,IF(ЦТО!$U12=ЦТО!$AJ12,ЦТО!$AJ$2,IF(ЦТО!$U12=ЦТО!$AK12,ЦТО!$AK$2)))))))))) -> Чтение | J12: =IF(OR(ЦТО!W12=ЦТО!$BK$8,ЦТО!W12=ЦТО!$BK$9,ЦТО!W12=ЦТО!$BK$10),"Обратить внимание","Отклонений нет") -> Отклонений нет | K12: =IF(OR(ЦТО!X12=ЦТО!$BK$8,ЦТО!X12=ЦТО!$BK$9,ЦТО!X12=ЦТО!$BK$10),"Обратить внимание","Отклонений нет") -> Обратить внимание | L12: =IF(OR(ЦТО!Y12=ЦТО!$BK$8,ЦТО!Y12=ЦТО!$BK$9,ЦТО!Y12=ЦТО!$BK$10),"Обратить внимание","Отклонений нет") -> Отклонений нет | M12: =IF(OR(ЦТО!Z12=ЦТО!$BK$8,ЦТО!Z12=ЦТО!$BK$9,ЦТО!Z12=ЦТО!$BK$10),"Обратить внимание","Отклонений нет") -> Отклонений нет | N12: =IF(OR(ЦТО!AA12=ЦТО!$BK$8,ЦТО!AA12=ЦТО!$BK$9,ЦТО!AA12=ЦТО!$BK$10),"Обратить внимание","Отклонений нет") -> Обратить внимание | O12: =IF(OR(ЦТО!AB12=ЦТО!$BK$8,ЦТО!AB12=ЦТО!$BK$9,ЦТО!AB12=ЦТО!$BK$10),"Обратить внимание","Отклонений нет") -> Отклонений нет | P12: =IF(OR(ЦТО!AC12=ЦТО!$BK$8,ЦТО!AC12=ЦТО!$BK$9,ЦТО!AC12=ЦТО!$BK$10),"Обратить внимание","Отклонений нет") -> Отклонений нет | Q12: =IF(OR(ЦТО!AD12=ЦТО!$BK$8,ЦТО!AD12=ЦТО!$BK$9,ЦТО!AD12=ЦТО!$BK$10),"Обратить внимание","Отклонений нет") -> Отклонений нет | ... X12: =IF(OR(ЦТО!AK12=ЦТО!$BK$8,ЦТО!AK12=ЦТО!$BK$9,ЦТО!AK12=ЦТО!$BK$10),"Обратить внимание","Отклонений нет") -> Отклонений нет
A13: 11 | B13: =IF(ЦТО!B13="","",ЦТО!B13) -> Л | C13: =IF(ЦТО!C13="","",ЦТО!C13) -> 2 а | D13: =IF(ЦТО!D13="","",ЦТО!D13) | E13: =IF(ЦТО!$N13=ЦТО!$W13,"Душа",IF(ЦТО!$N13=ЦТО!$X13,ЦТО!$X$2,IF(ЦТО!$N13=ЦТО!$Y13,ЦТО!$Y$2,IF(ЦТО!$N13=ЦТО!$AE13,ЦТО!$AE$2,IF(ЦТО!$N13=ЦТО!$AF13,ЦТО!$AF$2,IF(ЦТО!$N13=ЦТО!$AG13,ЦТО!$AG$2,IF(ЦТО!$N13=ЦТО!$AH13,ЦТО!$AH$2,IF(ЦТО!$N13=ЦТО!$AI13,ЦТО!$AI$2,IF(ЦТО!$N13=ЦТО!$AJ13,ЦТО!$AJ$2,IF(ЦТО!$N13=ЦТО!$AK13,ЦТО!$AK$2)))))))))) -> Школа | F13: =IF(ЦТО!P13=ЦТО!W13,"Душа",IF(ЦТО!P13=ЦТО!X13,ЦТО!$X$2,IF(ЦТО!P13=ЦТО!Y13,ЦТО!$Y$2,IF(ЦТО!P13=ЦТО!AE13,ЦТО!$AE$2,IF(ЦТО!P13=ЦТО!AF13,ЦТО!$AF$2,IF(ЦТО!P13=ЦТО!AG13,ЦТО!$AG$2,IF(ЦТО!P13=ЦТО!AH13,ЦТО!$AH$2,IF(ЦТО!P13=ЦТО!AI13,ЦТО!$AI$2,IF(ЦТО!P13=ЦТО!AJ13,ЦТО!$AJ$2,IF(ЦТО!P13=ЦТО!AK13,ЦТО!$AK$2)))))))))) -> FALSE | G13: =IF(ЦТО!$R13=ЦТО!$W13,"Душа",IF(ЦТО!$R13=ЦТО!$X13,ЦТО!$X$2,IF(ЦТО!$R13=ЦТО!$Y13,ЦТО!$Y$2,IF(ЦТО!$R13=ЦТО!$AE13,ЦТО!$AE$2,IF(ЦТО!$R13=ЦТО!$AF13,ЦТО!$AF$2,IF(ЦТО!$R13=ЦТО!$AG13,ЦТО!$AG$2,IF(ЦТО!$R13=ЦТО!$AH13,ЦТО!$AH$2,IF(ЦТО!$R13=ЦТО!$AI13,ЦТО!$AI$2,IF(ЦТО!$R13=ЦТО!$AJ13,ЦТО!$AJ$2,IF(ЦТО!$R13=ЦТО!$AK13,ЦТО!$AK$2)))))))))) -> FALSE | H13: =IF(ЦТО!$T13=ЦТО!$W13,"Душа",IF(ЦТО!$T13=ЦТО!$X13,ЦТО!$X$2,IF(ЦТО!$T13=ЦТО!$Y13,ЦТО!$Y$2,IF(ЦТО!$T13=ЦТО!$AE13,ЦТО!$AE$2,IF(ЦТО!$T13=ЦТО!$AF13,ЦТО!$AF$2,IF(ЦТО!$T13=ЦТО!$AG13,ЦТО!$AG$2,IF(ЦТО!$T13=ЦТО!$AH13,ЦТО!$AH$2,IF(ЦТО!$T13=ЦТО!$AI13,ЦТО!$AI$2,IF(ЦТО!$T13=ЦТО!$AJ13,ЦТО!$AJ$2,IF(ЦТО!$T13=ЦТО!$AK13,ЦТО!$AK$2)))))))))) -> Уроки | I13: =IF(ЦТО!$U13=ЦТО!$W13,"Душа",IF(ЦТО!$U13=ЦТО!$X13,ЦТО!$X$2,IF(ЦТО!$U13=ЦТО!$Y13,ЦТО!$Y$2,IF(ЦТО!$U13=ЦТО!$AE13,ЦТО!$AE$2,IF(ЦТО!$U13=ЦТО!$AF13,ЦТО!$AF$2,IF(ЦТО!$U13=ЦТО!$AG13,ЦТО!$AG$2,IF(ЦТО!$U13=ЦТО!$AH13,ЦТО!$AH$2,IF(ЦТО!$U13=ЦТО!$AI13,ЦТО!$AI$2,IF(ЦТО!$U13=ЦТО!$AJ13,ЦТО!$AJ$2,IF(ЦТО!$U13=ЦТО!$AK13,ЦТО!$AK$2)))))))))) -> FALSE | J13: =IF(OR(ЦТО!W13=ЦТО!$BK$8,ЦТО!W13=ЦТО!$BK$9,ЦТО!W13=ЦТО!$BK$10),"Обратить внимание","Отклонений нет") -> Отклонений нет | K13: =IF(OR(ЦТО!X13=ЦТО!$BK$8,ЦТО!X13=ЦТО!$BK$9,ЦТО!X13=ЦТО!$BK$10),"Обратить внимание","Отклонений нет") -> Обратить внимание | L13: =IF(OR(ЦТО!Y13=ЦТО!$BK$8,ЦТО!Y13=ЦТО!$BK$9,ЦТО!Y13=ЦТО!$BK$10),"Обратить внимание","Отклонений нет") -> Отклонений нет | M13: =IF(OR(ЦТО!Z13=ЦТО!$BK$8,ЦТО!Z13=ЦТО!$BK$9,ЦТО!Z13=ЦТО!$BK$10),"Обратить внимание","Отклонений нет") -> Отклонений нет | N13: =IF(OR(ЦТО!AA13=ЦТО!$BK$8,ЦТО!AA13=ЦТО!$BK$9,ЦТО!AA13=ЦТО!$BK$10),"Обратить внимание","Отклонений нет") -> Отклонений нет | O13: =IF(OR(ЦТО!AB13=ЦТО!$BK$8,ЦТО!AB13=ЦТО!$BK$9,ЦТО!AB13=ЦТО!$BK$10),"Обратить внимание","Отклонений нет") -> Обратить внимание | P13: =IF(OR(ЦТО!AC13=ЦТО!$BK$8,ЦТО!AC13=ЦТО!$BK$9,ЦТО!AC13=ЦТО!$BK$10),"Обратить внимание","Отклонений нет") -> Отклонений нет | Q13: =IF(OR(ЦТО!AD13=ЦТО!$BK$8,ЦТО!AD13=ЦТО!$BK$9,ЦТО!AD13=ЦТО!$BK$10),"Обратить внимание","Отклонений нет") -> Отклонений нет | ... X13: =IF(OR(ЦТО!AK13=ЦТО!$BK$8,ЦТО!AK13=ЦТО!$BK$9,ЦТО!AK13=ЦТО!$BK$10),"Обратить внимание","Отклонений нет") -> Отклонений нет
A14: 12 | B14: =IF(ЦТО!B14="","",ЦТО!B14) -> М | C14: =IF(ЦТО!C14="","",ЦТО!C14) -> 2 а | D14: =IF(ЦТО!D14="","",ЦТО!D14) | E14: =IF(ЦТО!$N14=ЦТО!$W14,"Душа",IF(ЦТО!$N14=ЦТО!$X14,ЦТО!$X$2,IF(ЦТО!$N14=ЦТО!$Y14,ЦТО!$Y$2,IF(ЦТО!$N14=ЦТО!$AE14,ЦТО!$AE$2,IF(ЦТО!$N14=ЦТО!$AF14,ЦТО!$AF$2,IF(ЦТО!$N14=ЦТО!$AG14,ЦТО!$AG$2,IF(ЦТО!$N14=ЦТО!$AH14,ЦТО!$AH$2,IF(ЦТО!$N14=ЦТО!$AI14,ЦТО!$AI$2,IF(ЦТО!$N14=ЦТО!$AJ14,ЦТО!$AJ$2,IF(ЦТО!$N14=ЦТО!$AK14,ЦТО!$AK$2)))))))))) -> FALSE | F14: =IF(ЦТО!P14=ЦТО!W14,"Душа",IF(ЦТО!P14=ЦТО!X14,ЦТО!$X$2,IF(ЦТО!P14=ЦТО!Y14,ЦТО!$Y$2,IF(ЦТО!P14=ЦТО!AE14,ЦТО!$AE$2,IF(ЦТО!P14=ЦТО!AF14,ЦТО!$AF$2,IF(ЦТО!P14=ЦТО!AG14,ЦТО!$AG$2,IF(ЦТО!P14=ЦТО!AH14,ЦТО!$AH$2,IF(ЦТО!P14=ЦТО!AI14,ЦТО!$AI$2,IF(ЦТО!P14=ЦТО!AJ14,ЦТО!$AJ$2,IF(ЦТО!P14=ЦТО!AK14,ЦТО!$AK$2)))))))))) -> FALSE | G14: =IF(ЦТО!$R14=ЦТО!$W14,"Душа",IF(ЦТО!$R14=ЦТО!$X14,ЦТО!$X$2,IF(ЦТО!$R14=ЦТО!$Y14,ЦТО!$Y$2,IF(ЦТО!$R14=ЦТО!$AE14,ЦТО!$AE$2,IF(ЦТО!$R14=ЦТО!$AF14,ЦТО!$AF$2,IF(ЦТО!$R14=ЦТО!$AG14,ЦТО!$AG$2,IF(ЦТО!$R14=ЦТО!$AH14,ЦТО!$AH$2,IF(ЦТО!$R14=ЦТО!$AI14,ЦТО!$AI$2,IF(ЦТО!$R14=ЦТО!$AJ14,ЦТО!$AJ$2,IF(ЦТО!$R14=ЦТО!$AK14,ЦТО!$AK$2)))))))))) -> FALSE | H14: =IF(ЦТО!$T14=ЦТО!$W14,"Душа",IF(ЦТО!$T14=ЦТО!$X14,ЦТО!$X$2,IF(ЦТО!$T14=ЦТО!$Y14,ЦТО!$Y$2,IF(ЦТО!$T14=ЦТО!$AE14,ЦТО!$AE$2,IF(ЦТО!$T14=ЦТО!$AF14,ЦТО!$AF$2,IF(ЦТО!$T14=ЦТО!$AG14,ЦТО!$AG$2,IF(ЦТО!$T14=ЦТО!$AH14,ЦТО!$AH$2,IF(ЦТО!$T14=ЦТО!$AI14,ЦТО!$AI$2,IF(ЦТО!$T14=ЦТО!$AJ14,ЦТО!$AJ$2,IF(ЦТО!$T14=ЦТО!$AK14,ЦТО!$AK$2)))))))))) -> Чтение | I14: =IF(ЦТО!$U14=ЦТО!$W14,"Душа",IF(ЦТО!$U14=ЦТО!$X14,ЦТО!$X$2,IF(ЦТО!$U14=ЦТО!$Y14,ЦТО!$Y$2,IF(ЦТО!$U14=ЦТО!$AE14,ЦТО!$AE$2,IF(ЦТО!$U14=ЦТО!$AF14,ЦТО!$AF$2,IF(ЦТО!$U14=ЦТО!$AG14,ЦТО!$AG$2,IF(ЦТО!$U14=ЦТО!$AH14,ЦТО!$AH$2,IF(ЦТО!$U14=ЦТО!$AI14,ЦТО!$AI$2,IF(ЦТО!$U14=ЦТО!$AJ14,ЦТО!$AJ$2,IF(ЦТО!$U14=ЦТО!$AK14,ЦТО!$AK$2)))))))))) -> FALSE | J14: =IF(OR(ЦТО!W14=ЦТО!$BK$8,ЦТО!W14=ЦТО!$BK$9,ЦТО!W14=ЦТО!$BK$10),"Обратить внимание","Отклонений нет") -> Отклонений нет | K14: =IF(OR(ЦТО!X14=ЦТО!$BK$8,ЦТО!X14=ЦТО!$BK$9,ЦТО!X14=ЦТО!$BK$10),"Обратить внимание","Отклонений нет") -> Обратить внимание | L14: =IF(OR(ЦТО!Y14=ЦТО!$BK$8,ЦТО!Y14=ЦТО!$BK$9,ЦТО!Y14=ЦТО!$BK$10),"Обратить внимание","Отклонений нет") -> Отклонений нет | M14: =IF(OR(ЦТО!Z14=ЦТО!$BK$8,ЦТО!Z14=ЦТО!$BK$9,ЦТО!Z14=ЦТО!$BK$10),"Обратить внимание","Отклонений нет") -> Отклонений нет | N14: =IF(OR(ЦТО!AA14=ЦТО!$BK$8,ЦТО!AA14=ЦТО!$BK$9,ЦТО!AA14=ЦТО!$BK$10),"Обратить внимание","Отклонений нет") -> Отклонений нет | O14: =IF(OR(ЦТО!AB14=ЦТО!$BK$8,ЦТО!AB14=ЦТО!$BK$9,ЦТО!AB14=ЦТО!$BK$10),"Обратить внимание","Отклонений нет") -> Обратить внимание | P14: =IF(OR(ЦТО!AC14=ЦТО!$BK$8,ЦТО!AC14=ЦТО!$BK$9,ЦТО!AC14=ЦТО!$BK$10),"Обратить внимание","Отклонений нет") -> Отклонений нет | Q14: =IF(OR(ЦТО!AD14=ЦТО!$BK$8,ЦТО!AD14=ЦТО!$BK$9,ЦТО!AD14=ЦТО!$BK$10),"Обратить внимание","Отклонений нет") -> Отклонений нет | ... X14: =IF(OR(ЦТО!AK14=ЦТО!$BK$8,ЦТО!AK14=ЦТО!$BK$9,ЦТО!AK14=ЦТО!$BK$10),"Обратить внимание","Отклонений нет") -> Отклонений нет
... A27: 25 | B27: =IF(ЦТО!B27="","",ЦТО!B27) -> Щ | C27: =IF(ЦТО!C27="","",ЦТО!C27) -> 2 в | D27: =IF(ЦТО!D27="","",ЦТО!D27) | E27: =IF(ЦТО!$N27=ЦТО!$W27,"Душа",IF(ЦТО!$N27=ЦТО!$X27,ЦТО!$X$2,IF(ЦТО!$N27=ЦТО!$Y27,ЦТО!$Y$2,IF(ЦТО!$N27=ЦТО!$AE27,ЦТО!$AE$2,IF(ЦТО!$N27=ЦТО!$AF27,ЦТО!$AF$2,IF(ЦТО!$N27=ЦТО!$AG27,ЦТО!$AG$2,IF(ЦТО!$N27=ЦТО!$AH27,ЦТО!$AH$2,IF(ЦТО!$N27=ЦТО!$AI27,ЦТО!$AI$2,IF(ЦТО!$N27=ЦТО!$AJ27,ЦТО!$AJ$2,IF(ЦТО!$N27=ЦТО!$AK27,ЦТО!$AK$2)))))))))) -> Душа | F27: =IF(ЦТО!P27=ЦТО!W27,"Душа",IF(ЦТО!P27=ЦТО!X27,ЦТО!$X$2,IF(ЦТО!P27=ЦТО!Y27,ЦТО!$Y$2,IF(ЦТО!P27=ЦТО!AE27,ЦТО!$AE$2,IF(ЦТО!P27=ЦТО!AF27,ЦТО!$AF$2,IF(ЦТО!P27=ЦТО!AG27,ЦТО!$AG$2,IF(ЦТО!P27=ЦТО!AH27,ЦТО!$AH$2,IF(ЦТО!P27=ЦТО!AI27,ЦТО!$AI$2,IF(ЦТО!P27=ЦТО!AJ27,ЦТО!$AJ$2,IF(ЦТО!P27=ЦТО!AK27,ЦТО!$AK$2)))))))))) -> Душа | G27: =IF(ЦТО!$R27=ЦТО!$W27,"Душа",IF(ЦТО!$R27=ЦТО!$X27,ЦТО!$X$2,IF(ЦТО!$R27=ЦТО!$Y27,ЦТО!$Y$2,IF(ЦТО!$R27=ЦТО!$AE27,ЦТО!$AE$2,IF(ЦТО!$R27=ЦТО!$AF27,ЦТО!$AF$2,IF(ЦТО!$R27=ЦТО!$AG27,ЦТО!$AG$2,IF(ЦТО!$R27=ЦТО!$AH27,ЦТО!$AH$2,IF(ЦТО!$R27=ЦТО!$AI27,ЦТО!$AI$2,IF(ЦТО!$R27=ЦТО!$AJ27,ЦТО!$AJ$2,IF(ЦТО!$R27=ЦТО!$AK27,ЦТО!$AK$2)))))))))) -> Душа | H27: =IF(ЦТО!$T27=ЦТО!$W27,"Душа",IF(ЦТО!$T27=ЦТО!$X27,ЦТО!$X$2,IF(ЦТО!$T27=ЦТО!$Y27,ЦТО!$Y$2,IF(ЦТО!$T27=ЦТО!$AE27,ЦТО!$AE$2,IF(ЦТО!$T27=ЦТО!$AF27,ЦТО!$AF$2,IF(ЦТО!$T27=ЦТО!$AG27,ЦТО!$AG$2,IF(ЦТО!$T27=ЦТО!$AH27,ЦТО!$AH$2,IF(ЦТО!$T27=ЦТО!$AI27,ЦТО!$AI$2,IF(ЦТО!$T27=ЦТО!$AJ27,ЦТО!$AJ$2,IF(ЦТО!$T27=ЦТО!$AK27,ЦТО!$AK$2)))))))))) -> Душа | I27: =IF(ЦТО!$U27=ЦТО!$W27,"Душа",IF(ЦТО!$U27=ЦТО!$X27,ЦТО!$X$2,IF(ЦТО!$U27=ЦТО!$Y27,ЦТО!$Y$2,IF(ЦТО!$U27=ЦТО!$AE27,ЦТО!$AE$2,IF(ЦТО!$U27=ЦТО!$AF27,ЦТО!$AF$2,IF(ЦТО!$U27=ЦТО!$AG27,ЦТО!$AG$2,IF(ЦТО!$U27=ЦТО!$AH27,ЦТО!$AH$2,IF(ЦТО!$U27=ЦТО!$AI27,ЦТО!$AI$2,IF(ЦТО!$U27=ЦТО!$AJ27,ЦТО!$AJ$2,IF(ЦТО!$U27=ЦТО!$AK27,ЦТО!$AK$2)))))))))) -> Душа | J27: =IF(OR(ЦТО!W27=ЦТО!$BK$8,ЦТО!W27=ЦТО!$BK$9,ЦТО!W27=ЦТО!$BK$10),"Обратить внимание","Отклонений нет") -> Отклонений нет | K27: =IF(OR(ЦТО!X27=ЦТО!$BK$8,ЦТО!X27=ЦТО!$BK$9,ЦТО!X27=ЦТО!$BK$10),"Обратить внимание","Отклонений нет") -> Отклонений нет | L27: =IF(OR(ЦТО!Y27=ЦТО!$BK$8,ЦТО!Y27=ЦТО!$BK$9,ЦТО!Y27=ЦТО!$BK$10),"Обратить внимание","Отклонений нет") -> Отклонений нет | M27: =IF(OR(ЦТО!Z27=ЦТО!$BK$8,ЦТО!Z27=ЦТО!$BK$9,ЦТО!Z27=ЦТО!$BK$10),"Обратить внимание","Отклонений нет") -> Отклонений нет | N27: =IF(OR(ЦТО!AA27=ЦТО!$BK$8,ЦТО!AA27=ЦТО!$BK$9,ЦТО!AA27=ЦТО!$BK$10),"Обратить внимание","Отклонений нет") -> Отклонений нет | O27: =IF(OR(ЦТО!AB27=ЦТО!$BK$8,ЦТО!AB27=ЦТО!$BK$9,ЦТО!AB27=ЦТО!$BK$10),"Обратить внимание","Отклонений нет") -> Отклонений нет | P27: =IF(OR(ЦТО!AC27=ЦТО!$BK$8,ЦТО!AC27=ЦТО!$BK$9,ЦТО!AC27=ЦТО!$BK$10),"Обратить внимание","Отклонений нет") -> Отклонений нет | Q27: =IF(OR(ЦТО!AD27=ЦТО!$BK$8,ЦТО!AD27=ЦТО!$BK$9,ЦТО!AD27=ЦТО!$BK$10),"Обратить внимание","Отклонений нет") -> Отклонений нет | ... X27: =IF(OR(ЦТО!AK27=ЦТО!$BK$8,ЦТО!AK27=ЦТО!$BK$9,ЦТО!AK27=ЦТО!$BK$10),"Обратить внимание","Отклонений нет") -> Отклонений нет
A28: 26 | B28: =IF(ЦТО!#REF!="","",ЦТО!#REF!) -> #REF! | C28: =IF(ЦТО!#REF!="","",ЦТО!#REF!) -> #REF! | D28: =IF(ЦТО!#REF!="","",ЦТО!#REF!) -> #REF! | E28: =IF(ЦТО!#REF!=ЦТО!#REF!,"Душа",IF(ЦТО!#REF!=ЦТО!#REF!,ЦТО!$X$2,IF(ЦТО!#REF!=ЦТО!#REF!,ЦТО!$Y$2,IF(ЦТО!#REF!=ЦТО!#REF!,ЦТО!$AE$2,IF(ЦТО!#REF!=ЦТО!#REF!,ЦТО!$AF$2,IF(ЦТО!#REF!=ЦТО!#REF!,ЦТО!$AG$2,IF(ЦТО!#REF!=ЦТО!#REF!,ЦТО!$AH$2,IF(ЦТО!#REF!=ЦТО!#REF!,ЦТО!$AI$2,IF(ЦТО!#REF!=ЦТО!#REF!,ЦТО!$AJ$2,IF(ЦТО!#REF!=ЦТО!#REF!,ЦТО!$AK$2)))))))))) -> #REF! | F28: =IF(ЦТО!#REF!=ЦТО!#REF!,"Душа",IF(ЦТО!#REF!=ЦТО!#REF!,ЦТО!$X$2,IF(ЦТО!#REF!=ЦТО!#REF!,ЦТО!$Y$2,IF(ЦТО!#REF!=ЦТО!#REF!,ЦТО!$AE$2,IF(ЦТО!#REF!=ЦТО!#REF!,ЦТО!$AF$2,IF(ЦТО!#REF!=ЦТО!#REF!,ЦТО!$AG$2,IF(ЦТО!#REF!=ЦТО!#REF!,ЦТО!$AH$2,IF(ЦТО!#REF!=ЦТО!#REF!,ЦТО!$AI$2,IF(ЦТО!#REF!=ЦТО!#REF!,ЦТО!$AJ$2,IF(ЦТО!#REF!=ЦТО!#REF!,ЦТО!$AK$2)))))))))) -> #REF! | G28: =IF(ЦТО!#REF!=ЦТО!#REF!,"Душа",IF(ЦТО!#REF!=ЦТО!#REF!,ЦТО!$X$2,IF(ЦТО!#REF!=ЦТО!#REF!,ЦТО!$Y$2,IF(ЦТО!#REF!=ЦТО!#REF!,ЦТО!$AE$2,IF(ЦТО!#REF!=ЦТО!#REF!,ЦТО!$AF$2,IF(ЦТО!#REF!=ЦТО!#REF!,ЦТО!$AG$2,IF(ЦТО!#REF!=ЦТО!#REF!,ЦТО!$AH$2,IF(ЦТО!#REF!=ЦТО!#REF!,ЦТО!$AI$2,IF(ЦТО!#REF!=ЦТО!#REF!,ЦТО!$AJ$2,IF(ЦТО!#REF!=ЦТО!#REF!,ЦТО!$AK$2)))))))))) -> #REF! | H28: =IF(ЦТО!#REF!=ЦТО!#REF!,"Душа",IF(ЦТО!#REF!=ЦТО!#REF!,ЦТО!$X$2,IF(ЦТО!#REF!=ЦТО!#REF!,ЦТО!$Y$2,IF(ЦТО!#REF!=ЦТО!#REF!,ЦТО!$AE$2,IF(ЦТО!#REF!=ЦТО!#REF!,ЦТО!$AF$2,IF(ЦТО!#REF!=ЦТО!#REF!,ЦТО!$AG$2,IF(ЦТО!#REF!=ЦТО!#REF!,ЦТО!$AH$2,IF(ЦТО!#REF!=ЦТО!#REF!,ЦТО!$AI$2,IF(ЦТО!#REF!=ЦТО!#REF!,ЦТО!$AJ$2,IF(ЦТО!#REF!=ЦТО!#REF!,ЦТО!$AK$2)))))))))) -> #REF! | I28: =IF(ЦТО!#REF!=ЦТО!#REF!,"Душа",IF(ЦТО!#REF!=ЦТО!#REF!,ЦТО!$X$2,IF(ЦТО!#REF!=ЦТО!#REF!,ЦТО!$Y$2,IF(ЦТО!#REF!=ЦТО!#REF!,ЦТО!$AE$2,IF(ЦТО!#REF!=ЦТО!#REF!,ЦТО!$AF$2,IF(ЦТО!#REF!=ЦТО!#REF!,ЦТО!$AG$2,IF(ЦТО!#REF!=ЦТО!#REF!,ЦТО!$AH$2,IF(ЦТО!#REF!=ЦТО!#REF!,ЦТО!$AI$2,IF(ЦТО!#REF!=ЦТО!#REF!,ЦТО!$AJ$2,IF(ЦТО!#REF!=ЦТО!#REF!,ЦТО!$AK$2)))))))))) -> #REF! | J28: =IF(OR(ЦТО!#REF!=ЦТО!$BK$8,ЦТО!#REF!=ЦТО!$BK$9,ЦТО!#REF!=ЦТО!$BK$10),"Обратить внимание","Отклонений нет") -> #REF! | K28: =IF(OR(ЦТО!#REF!=ЦТО!$BK$8,ЦТО!#REF!=ЦТО!$BK$9,ЦТО!#REF!=ЦТО!$BK$10),"Обратить внимание","Отклонений нет") -> #REF! | L28: =IF(OR(ЦТО!#REF!=ЦТО!$BK$8,ЦТО!#REF!=ЦТО!$BK$9,ЦТО!#REF!=ЦТО!$BK$10),"Обратить внимание","Отклонений нет") -> #REF! | M28: =IF(OR(ЦТО!#REF!=ЦТО!$BK$8,ЦТО!#REF!=ЦТО!$BK$9,ЦТО!#REF!=ЦТО!$BK$10),"Обратить внимание","Отклонений нет") -> #REF! | N28: =IF(OR(ЦТО!#REF!=ЦТО!$BK$8,ЦТО!#REF!=ЦТО!$BK$9,ЦТО!#REF!=ЦТО!$BK$10),"Обратить внимание","Отклонений нет") -> #REF! | O28: =IF(OR(ЦТО!#REF!=ЦТО!$BK$8,ЦТО!#REF!=ЦТО!$BK$9,ЦТО!#REF!=ЦТО!$BK$10),"Обратить внимание","Отклонений нет") -> #REF! | P28: =IF(OR(ЦТО!#REF!=ЦТО!$BK$8,ЦТО!#REF!=ЦТО!$BK$9,ЦТО!#REF!=ЦТО!$BK$10),"Обратить внимание","Отклонений нет") -> #REF! | Q28: =IF(OR(ЦТО!#REF!=ЦТО!$BK$8,ЦТО!#REF!=ЦТО!$BK$9,ЦТО!#REF!=ЦТО!$BK$10),"Обратить внимание","Отклонений нет") -> #REF! | ... X28: =IF(OR(ЦТО!#REF!=ЦТО!$BK$8,ЦТО!#REF!=ЦТО!$BK$9,ЦТО!#REF!=ЦТО!$BK$10),"Обратить внимание","Отклонений нет") -> #REF!
A29: 27 | B29: =IF(ЦТО!#REF!="","",ЦТО!#REF!) -> #REF! | C29: =IF(ЦТО!#REF!="","",ЦТО!#REF!) -> #REF! | D29: =IF(ЦТО!#REF!="","",ЦТО!#REF!) -> #REF! | E29: =IF(ЦТО!#REF!=ЦТО!#REF!,"Душа",IF(ЦТО!#REF!=ЦТО!#REF!,ЦТО!$X$2,IF(ЦТО!#REF!=ЦТО!#REF!,ЦТО!$Y$2,IF(ЦТО!#REF!=ЦТО!#REF!,ЦТО!$AE$2,IF(ЦТО!#REF!=ЦТО!#REF!,ЦТО!$AF$2,IF(ЦТО!#REF!=ЦТО!#REF!,ЦТО!$AG$2,IF(ЦТО!#REF!=ЦТО!#REF!,ЦТО!$AH$2,IF(ЦТО!#REF!=ЦТО!#REF!,ЦТО!$AI$2,IF(ЦТО!#REF!=ЦТО!#REF!,ЦТО!$AJ$2,IF(ЦТО!#REF!=ЦТО!#REF!,ЦТО!$AK$2)))))))))) -> #REF! | F29: =IF(ЦТО!#REF!=ЦТО!#REF!,"Душа",IF(ЦТО!#REF!=ЦТО!#REF!,ЦТО!$X$2,IF(ЦТО!#REF!=ЦТО!#REF!,ЦТО!$Y$2,IF(ЦТО!#REF!=ЦТО!#REF!,ЦТО!$AE$2,IF(ЦТО!#REF!=ЦТО!#REF!,ЦТО!$AF$2,IF(ЦТО!#REF!=ЦТО!#REF!,ЦТО!$AG$2,IF(ЦТО!#REF!=ЦТО!#REF!,ЦТО!$AH$2,IF(ЦТО!#REF!=ЦТО!#REF!,ЦТО!$AI$2,IF(ЦТО!#REF!=ЦТО!#REF!,ЦТО!$AJ$2,IF(ЦТО!#REF!=ЦТО!#REF!,ЦТО!$AK$2)))))))))) -> #REF! | G29: =IF(ЦТО!#REF!=ЦТО!#REF!,"Душа",IF(ЦТО!#REF!=ЦТО!#REF!,ЦТО!$X$2,IF(ЦТО!#REF!=ЦТО!#REF!,ЦТО!$Y$2,IF(ЦТО!#REF!=ЦТО!#REF!,ЦТО!$AE$2,IF(ЦТО!#REF!=ЦТО!#REF!,ЦТО!$AF$2,IF(ЦТО!#REF!=ЦТО!#REF!,ЦТО!$AG$2,IF(ЦТО!#REF!=ЦТО!#REF!,ЦТО!$AH$2,IF(ЦТО!#REF!=ЦТО!#REF!,ЦТО!$AI$2,IF(ЦТО!#REF!=ЦТО!#REF!,ЦТО!$AJ$2,IF(ЦТО!#REF!=ЦТО!#REF!,ЦТО!$AK$2)))))))))) -> #REF! | H29: =IF(ЦТО!#REF!=ЦТО!#REF!,"Душа",IF(ЦТО!#REF!=ЦТО!#REF!,ЦТО!$X$2,IF(ЦТО!#REF!=ЦТО!#REF!,ЦТО!$Y$2,IF(ЦТО!#REF!=ЦТО!#REF!,ЦТО!$AE$2,IF(ЦТО!#REF!=ЦТО!#REF!,ЦТО!$AF$2,IF(ЦТО!#REF!=ЦТО!#REF!,ЦТО!$AG$2,IF(ЦТО!#REF!=ЦТО!#REF!,ЦТО!$AH$2,IF(ЦТО!#REF!=ЦТО!#REF!,ЦТО!$AI$2,IF(ЦТО!#REF!=ЦТО!#REF!,ЦТО!$AJ$2,IF(ЦТО!#REF!=ЦТО!#REF!,ЦТО!$AK$2)))))))))) -> #REF! | I29: =IF(ЦТО!#REF!=ЦТО!#REF!,"Душа",IF(ЦТО!#REF!=ЦТО!#REF!,ЦТО!$X$2,IF(ЦТО!#REF!=ЦТО!#REF!,ЦТО!$Y$2,IF(ЦТО!#REF!=ЦТО!#REF!,ЦТО!$AE$2,IF(ЦТО!#REF!=ЦТО!#REF!,ЦТО!$AF$2,IF(ЦТО!#REF!=ЦТО!#REF!,ЦТО!$AG$2,IF(ЦТО!#REF!=ЦТО!#REF!,ЦТО!$AH$2,IF(ЦТО!#REF!=ЦТО!#REF!,ЦТО!$AI$2,IF(ЦТО!#REF!=ЦТО!#REF!,ЦТО!$AJ$2,IF(ЦТО!#REF!=ЦТО!#REF!,ЦТО!$AK$2)))))))))) -> #REF! | J29: =IF(OR(ЦТО!#REF!=ЦТО!$BK$8,ЦТО!#REF!=ЦТО!$BK$9,ЦТО!#REF!=ЦТО!$BK$10),"Обратить внимание","Отклонений нет") -> #REF! | K29: =IF(OR(ЦТО!#REF!=ЦТО!$BK$8,ЦТО!#REF!=ЦТО!$BK$9,ЦТО!#REF!=ЦТО!$BK$10),"Обратить внимание","Отклонений нет") -> #REF! | L29: =IF(OR(ЦТО!#REF!=ЦТО!$BK$8,ЦТО!#REF!=ЦТО!$BK$9,ЦТО!#REF!=ЦТО!$BK$10),"Обратить внимание","Отклонений нет") -> #REF! | M29: =IF(OR(ЦТО!#REF!=ЦТО!$BK$8,ЦТО!#REF!=ЦТО!$BK$9,ЦТО!#REF!=ЦТО!$BK$10),"Обратить внимание","Отклонений нет") -> #REF! | N29: =IF(OR(ЦТО!#REF!=ЦТО!$BK$8,ЦТО!#REF!=ЦТО!$BK$9,ЦТО!#REF!=ЦТО!$BK$10),"Обратить внимание","Отклонений нет") -> #REF! | O29: =IF(OR(ЦТО!#REF!=ЦТО!$BK$8,ЦТО!#REF!=ЦТО!$BK$9,ЦТО!#REF!=ЦТО!$BK$10),"Обратить внимание","Отклонений нет") -> #REF! | P29: =IF(OR(ЦТО!#REF!=ЦТО!$BK$8,ЦТО!#REF!=ЦТО!$BK$9,ЦТО!#REF!=ЦТО!$BK$10),"Обратить внимание","Отклонений нет") -> #REF! | Q29: =IF(OR(ЦТО!#REF!=ЦТО!$BK$8,ЦТО!#REF!=ЦТО!$BK$9,ЦТО!#REF!=ЦТО!$BK$10),"Обратить внимание","Отклонений нет") -> #REF! | ... X29: =IF(OR(ЦТО!#REF!=ЦТО!$BK$8,ЦТО!#REF!=ЦТО!$BK$9,ЦТО!#REF!=ЦТО!$BK$10),"Обратить внимание","Отклонений нет") -> #REF!
A30: 28 | B30: =IF(ЦТО!#REF!="","",ЦТО!#REF!) -> #REF! | C30: =IF(ЦТО!#REF!="","",ЦТО!#REF!) -> #REF! | D30: =IF(ЦТО!#REF!="","",ЦТО!#REF!) -> #REF! | E30: =IF(ЦТО!#REF!=ЦТО!#REF!,"Душа",IF(ЦТО!#REF!=ЦТО!#REF!,ЦТО!$X$2,IF(ЦТО!#REF!=ЦТО!#REF!,ЦТО!$Y$2,IF(ЦТО!#REF!=ЦТО!#REF!,ЦТО!$AE$2,IF(ЦТО!#REF!=ЦТО!#REF!,ЦТО!$AF$2,IF(ЦТО!#REF!=ЦТО!#REF!,ЦТО!$AG$2,IF(ЦТО!#REF!=ЦТО!#REF!,ЦТО!$AH$2,IF(ЦТО!#REF!=ЦТО!#REF!,ЦТО!$AI$2,IF(ЦТО!#REF!=ЦТО!#REF!,ЦТО!$AJ$2,IF(ЦТО!#REF!=ЦТО!#REF!,ЦТО!$AK$2)))))))))) -> #REF! | F30: =IF(ЦТО!#REF!=ЦТО!#REF!,"Душа",IF(ЦТО!#REF!=ЦТО!#REF!,ЦТО!$X$2,IF(ЦТО!#REF!=ЦТО!#REF!,ЦТО!$Y$2,IF(ЦТО!#REF!=ЦТО!#REF!,ЦТО!$AE$2,IF(ЦТО!#REF!=ЦТО!#REF!,ЦТО!$AF$2,IF(ЦТО!#REF!=ЦТО!#REF!,ЦТО!$AG$2,IF(ЦТО!#REF!=ЦТО!#REF!,ЦТО!$AH$2,IF(ЦТО!#REF!=ЦТО!#REF!,ЦТО!$AI$2,IF(ЦТО!#REF!=ЦТО!#REF!,ЦТО!$AJ$2,IF(ЦТО!#REF!=ЦТО!#REF!,ЦТО!$AK$2)))))))))) -> #REF! | G30: =IF(ЦТО!#REF!=ЦТО!#REF!,"Душа",IF(ЦТО!#REF!=ЦТО!#REF!,ЦТО!$X$2,IF(ЦТО!#REF!=ЦТО!#REF!,ЦТО!$Y$2,IF(ЦТО!#REF!=ЦТО!#REF!,ЦТО!$AE$2,IF(ЦТО!#REF!=ЦТО!#REF!,ЦТО!$AF$2,IF(ЦТО!#REF!=ЦТО!#REF!,ЦТО!$AG$2,IF(ЦТО!#REF!=ЦТО!#REF!,ЦТО!$AH$2,IF(ЦТО!#REF!=ЦТО!#REF!,ЦТО!$AI$2,IF(ЦТО!#REF!=ЦТО!#REF!,ЦТО!$AJ$2,IF(ЦТО!#REF!=ЦТО!#REF!,ЦТО!$AK$2)))))))))) -> #REF! | H30: =IF(ЦТО!#REF!=ЦТО!#REF!,"Душа",IF(ЦТО!#REF!=ЦТО!#REF!,ЦТО!$X$2,IF(ЦТО!#REF!=ЦТО!#REF!,ЦТО!$Y$2,IF(ЦТО!#REF!=ЦТО!#REF!,ЦТО!$AE$2,IF(ЦТО!#REF!=ЦТО!#REF!,ЦТО!$AF$2,IF(ЦТО!#REF!=ЦТО!#REF!,ЦТО!$AG$2,IF(ЦТО!#REF!=ЦТО!#REF!,ЦТО!$AH$2,IF(ЦТО!#REF!=ЦТО!#REF!,ЦТО!$AI$2,IF(ЦТО!#REF!=ЦТО!#REF!,ЦТО!$AJ$2,IF(ЦТО!#REF!=ЦТО!#REF!,ЦТО!$AK$2)))))))))) -> #REF! | I30: =IF(ЦТО!#REF!=ЦТО!#REF!,"Душа",IF(ЦТО!#REF!=ЦТО!#REF!,ЦТО!$X$2,IF(ЦТО!#REF!=ЦТО!#REF!,ЦТО!$Y$2,IF(ЦТО!#REF!=ЦТО!#REF!,ЦТО!$AE$2,IF(ЦТО!#REF!=ЦТО!#REF!,ЦТО!$AF$2,IF(ЦТО!#REF!=ЦТО!#REF!,ЦТО!$AG$2,IF(ЦТО!#REF!=ЦТО!#REF!,ЦТО!$AH$2,IF(ЦТО!#REF!=ЦТО!#REF!,ЦТО!$AI$2,IF(ЦТО!#REF!=ЦТО!#REF!,ЦТО!$AJ$2,IF(ЦТО!#REF!=ЦТО!#REF!,ЦТО!$AK$2)))))))))) -> #REF! | J30: =IF(OR(ЦТО!#REF!=ЦТО!$BK$8,ЦТО!#REF!=ЦТО!$BK$9,ЦТО!#REF!=ЦТО!$BK$10),"Обратить внимание","Отклонений нет") -> #REF! | K30: =IF(OR(ЦТО!#REF!=ЦТО!$BK$8,ЦТО!#REF!=ЦТО!$BK$9,ЦТО!#REF!=ЦТО!$BK$10),"Обратить внимание","Отклонений нет") -> #REF! | L30: =IF(OR(ЦТО!#REF!=ЦТО!$BK$8,ЦТО!#REF!=ЦТО!$BK$9,ЦТО!#REF!=ЦТО!$BK$10),"Обратить внимание","Отклонений нет") -> #REF! | M30: =IF(OR(ЦТО!#REF!=ЦТО!$BK$8,ЦТО!#REF!=ЦТО!$BK$9,ЦТО!#REF!=ЦТО!$BK$10),"Обратить внимание","Отклонений нет") -> #REF! | N30: =IF(OR(ЦТО!#REF!=ЦТО!$BK$8,ЦТО!#REF!=ЦТО!$BK$9,ЦТО!#REF!=ЦТО!$BK$10),"Обратить внимание","Отклонений нет") -> #REF! | O30: =IF(OR(ЦТО!#REF!=ЦТО!$BK$8,ЦТО!#REF!=ЦТО!$BK$9,ЦТО!#REF!=ЦТО!$BK$10),"Обратить внимание","Отклонений нет") -> #REF! | P30: =IF(OR(ЦТО!#REF!=ЦТО!$BK$8,ЦТО!#REF!=ЦТО!$BK$9,ЦТО!#REF!=ЦТО!$BK$10),"Обратить внимание","Отклонений нет") -> #REF! | Q30: =IF(OR(ЦТО!#REF!=ЦТО!$BK$8,ЦТО!#REF!=ЦТО!$BK$9,ЦТО!#REF!=ЦТО!$BK$10),"Обратить внимание","Отклонений нет") -> #REF! | ... X30: =IF(OR(ЦТО!#REF!=ЦТО!$BK$8,ЦТО!#REF!=ЦТО!$BK$9,ЦТО!#REF!=ЦТО!$BK$10),"Обратить внимание","Отклонений нет") -> #REF!
A31: 29 | B31: =IF(ЦТО!#REF!="","",ЦТО!#REF!) -> #REF! | C31: =IF(ЦТО!#REF!="","",ЦТО!#REF!) -> #REF! | D31: =IF(ЦТО!#REF!="","",ЦТО!#REF!) -> #REF! | E31: =IF(ЦТО!#REF!=ЦТО!#REF!,"Душа",IF(ЦТО!#REF!=ЦТО!#REF!,ЦТО!$X$2,IF(ЦТО!#REF!=ЦТО!#REF!,ЦТО!$Y$2,IF(ЦТО!#REF!=ЦТО!#REF!,ЦТО!$AE$2,IF(ЦТО!#REF!=ЦТО!#REF!,ЦТО!$AF$2,IF(ЦТО!#REF!=ЦТО!#REF!,ЦТО!$AG$2,IF(ЦТО!#REF!=ЦТО!#REF!,ЦТО!$AH$2,IF(ЦТО!#REF!=ЦТО!#REF!,ЦТО!$AI$2,IF(ЦТО!#REF!=ЦТО!#REF!,ЦТО!$AJ$2,IF(ЦТО!#REF!=ЦТО!#REF!,ЦТО!$AK$2)))))))))) -> #REF! | F31: =IF(ЦТО!#REF!=ЦТО!#REF!,"Душа",IF(ЦТО!#REF!=ЦТО!#REF!,ЦТО!$X$2,IF(ЦТО!#REF!=ЦТО!#REF!,ЦТО!$Y$2,IF(ЦТО!#REF!=ЦТО!#REF!,ЦТО!$AE$2,IF(ЦТО!#REF!=ЦТО!#REF!,ЦТО!$AF$2,IF(ЦТО!#REF!=ЦТО!#REF!,ЦТО!$AG$2,IF(ЦТО!#REF!=ЦТО!#REF!,ЦТО!$AH$2,IF(ЦТО!#REF!=ЦТО!#REF!,ЦТО!$AI$2,IF(ЦТО!#REF!=ЦТО!#REF!,ЦТО!$AJ$2,IF(ЦТО!#REF!=ЦТО!#REF!,ЦТО!$AK$2)))))))))) -> #REF! | G31: =IF(ЦТО!#REF!=ЦТО!#REF!,"Душа",IF(ЦТО!#REF!=ЦТО!#REF!,ЦТО!$X$2,IF(ЦТО!#REF!=ЦТО!#REF!,ЦТО!$Y$2,IF(ЦТО!#REF!=ЦТО!#REF!,ЦТО!$AE$2,IF(ЦТО!#REF!=ЦТО!#REF!,ЦТО!$AF$2,IF(ЦТО!#REF!=ЦТО!#REF!,ЦТО!$AG$2,IF(ЦТО!#REF!=ЦТО!#REF!,ЦТО!$AH$2,IF(ЦТО!#REF!=ЦТО!#REF!,ЦТО!$AI$2,IF(ЦТО!#REF!=ЦТО!#REF!,ЦТО!$AJ$2,IF(ЦТО!#REF!=ЦТО!#REF!,ЦТО!$AK$2)))))))))) -> #REF! | H31: =IF(ЦТО!#REF!=ЦТО!#REF!,"Душа",IF(ЦТО!#REF!=ЦТО!#REF!,ЦТО!$X$2,IF(ЦТО!#REF!=ЦТО!#REF!,ЦТО!$Y$2,IF(ЦТО!#REF!=ЦТО!#REF!,ЦТО!$AE$2,IF(ЦТО!#REF!=ЦТО!#REF!,ЦТО!$AF$2,IF(ЦТО!#REF!=ЦТО!#REF!,ЦТО!$AG$2,IF(ЦТО!#REF!=ЦТО!#REF!,ЦТО!$AH$2,IF(ЦТО!#REF!=ЦТО!#REF!,ЦТО!$AI$2,IF(ЦТО!#REF!=ЦТО!#REF!,ЦТО!$AJ$2,IF(ЦТО!#REF!=ЦТО!#REF!,ЦТО!$AK$2)))))))))) -> #REF! | I31: =IF(ЦТО!#REF!=ЦТО!#REF!,"Душа",IF(ЦТО!#REF!=ЦТО!#REF!,ЦТО!$X$2,IF(ЦТО!#REF!=ЦТО!#REF!,ЦТО!$Y$2,IF(ЦТО!#REF!=ЦТО!#REF!,ЦТО!$AE$2,IF(ЦТО!#REF!=ЦТО!#REF!,ЦТО!$AF$2,IF(ЦТО!#REF!=ЦТО!#REF!,ЦТО!$AG$2,IF(ЦТО!#REF!=ЦТО!#REF!,ЦТО!$AH$2,IF(ЦТО!#REF!=ЦТО!#REF!,ЦТО!$AI$2,IF(ЦТО!#REF!=ЦТО!#REF!,ЦТО!$AJ$2,IF(ЦТО!#REF!=ЦТО!#REF!,ЦТО!$AK$2)))))))))) -> #REF! | J31: =IF(OR(ЦТО!#REF!=ЦТО!$BK$8,ЦТО!#REF!=ЦТО!$BK$9,ЦТО!#REF!=ЦТО!$BK$10),"Обратить внимание","Отклонений нет") -> #REF! | K31: =IF(OR(ЦТО!#REF!=ЦТО!$BK$8,ЦТО!#REF!=ЦТО!$BK$9,ЦТО!#REF!=ЦТО!$BK$10),"Обратить внимание","Отклонений нет") -> #REF! | L31: =IF(OR(ЦТО!#REF!=ЦТО!$BK$8,ЦТО!#REF!=ЦТО!$BK$9,ЦТО!#REF!=ЦТО!$BK$10),"Обратить внимание","Отклонений нет") -> #REF! | M31: =IF(OR(ЦТО!#REF!=ЦТО!$BK$8,ЦТО!#REF!=ЦТО!$BK$9,ЦТО!#REF!=ЦТО!$BK$10),"Обратить внимание","Отклонений нет") -> #REF! | N31: =IF(OR(ЦТО!#REF!=ЦТО!$BK$8,ЦТО!#REF!=ЦТО!$BK$9,ЦТО!#REF!=ЦТО!$BK$10),"Обратить внимание","Отклонений нет") -> #REF! | O31: =IF(OR(ЦТО!#REF!=ЦТО!$BK$8,ЦТО!#REF!=ЦТО!$BK$9,ЦТО!#REF!=ЦТО!$BK$10),"Обратить внимание","Отклонений нет") -> #REF! | P31: =IF(OR(ЦТО!#REF!=ЦТО!$BK$8,ЦТО!#REF!=ЦТО!$BK$9,ЦТО!#REF!=ЦТО!$BK$10),"Обратить внимание","Отклонений нет") -> #REF! | Q31: =IF(OR(ЦТО!#REF!=ЦТО!$BK$8,ЦТО!#REF!=ЦТО!$BK$9,ЦТО!#REF!=ЦТО!$BK$10),"Обратить внимание","Отклонений нет") -> #REF! | ... X31: =IF(OR(ЦТО!#REF!=ЦТО!$BK$8,ЦТО!#REF!=ЦТО!$BK$9,ЦТО!#REF!=ЦТО!$BK$10),"Обратить внимание","Отклонений нет") -> #REF!
A32: 30 | B32: =IF(ЦТО!#REF!="","",ЦТО!#REF!) -> #REF! | C32: =IF(ЦТО!#REF!="","",ЦТО!#REF!) -> #REF! | D32: =IF(ЦТО!#REF!="","",ЦТО!#REF!) -> #REF! | E32: =IF(ЦТО!#REF!=ЦТО!#REF!,"Душа",IF(ЦТО!#REF!=ЦТО!#REF!,ЦТО!$X$2,IF(ЦТО!#REF!=ЦТО!#REF!,ЦТО!$Y$2,IF(ЦТО!#REF!=ЦТО!#REF!,ЦТО!$AE$2,IF(ЦТО!#REF!=ЦТО!#REF!,ЦТО!$AF$2,IF(ЦТО!#REF!=ЦТО!#REF!,ЦТО!$AG$2,IF(ЦТО!#REF!=ЦТО!#REF!,ЦТО!$AH$2,IF(ЦТО!#REF!=ЦТО!#REF!,ЦТО!$AI$2,IF(ЦТО!#REF!=ЦТО!#REF!,ЦТО!$AJ$2,IF(ЦТО!#REF!=ЦТО!#REF!,ЦТО!$AK$2)))))))))) -> #REF! | F32: =IF(ЦТО!#REF!=ЦТО!#REF!,"Душа",IF(ЦТО!#REF!=ЦТО!#REF!,ЦТО!$X$2,IF(ЦТО!#REF!=ЦТО!#REF!,ЦТО!$Y$2,IF(ЦТО!#REF!=ЦТО!#REF!,ЦТО!$AE$2,IF(ЦТО!#REF!=ЦТО!#REF!,ЦТО!$AF$2,IF(ЦТО!#REF!=ЦТО!#REF!,ЦТО!$AG$2,IF(ЦТО!#REF!=ЦТО!#REF!,ЦТО!$AH$2,IF(ЦТО!#REF!=ЦТО!#REF!,ЦТО!$AI$2,IF(ЦТО!#REF!=ЦТО!#REF!,ЦТО!$AJ$2,IF(ЦТО!#REF!=ЦТО!#REF!,ЦТО!$AK$2)))))))))) -> #REF! | G32: =IF(ЦТО!#REF!=ЦТО!#REF!,"Душа",IF(ЦТО!#REF!=ЦТО!#REF!,ЦТО!$X$2,IF(ЦТО!#REF!=ЦТО!#REF!,ЦТО!$Y$2,IF(ЦТО!#REF!=ЦТО!#REF!,ЦТО!$AE$2,IF(ЦТО!#REF!=ЦТО!#REF!,ЦТО!$AF$2,IF(ЦТО!#REF!=ЦТО!#REF!,ЦТО!$AG$2,IF(ЦТО!#REF!=ЦТО!#REF!,ЦТО!$AH$2,IF(ЦТО!#REF!=ЦТО!#REF!,ЦТО!$AI$2,IF(ЦТО!#REF!=ЦТО!#REF!,ЦТО!$AJ$2,IF(ЦТО!#REF!=ЦТО!#REF!,ЦТО!$AK$2)))))))))) -> #REF! | H32: =IF(ЦТО!#REF!=ЦТО!#REF!,"Душа",IF(ЦТО!#REF!=ЦТО!#REF!,ЦТО!$X$2,IF(ЦТО!#REF!=ЦТО!#REF!,ЦТО!$Y$2,IF(ЦТО!#REF!=ЦТО!#REF!,ЦТО!$AE$2,IF(ЦТО!#REF!=ЦТО!#REF!,ЦТО!$AF$2,IF(ЦТО!#REF!=ЦТО!#REF!,ЦТО!$AG$2,IF(ЦТО!#REF!=ЦТО!#REF!,ЦТО!$AH$2,IF(ЦТО!#REF!=ЦТО!#REF!,ЦТО!$AI$2,IF(ЦТО!#REF!=ЦТО!#REF!,ЦТО!$AJ$2,IF(ЦТО!#REF!=ЦТО!#REF!,ЦТО!$AK$2)))))))))) -> #REF! | I32: =IF(ЦТО!#REF!=ЦТО!#REF!,"Душа",IF(ЦТО!#REF!=ЦТО!#REF!,ЦТО!$X$2,IF(ЦТО!#REF!=ЦТО!#REF!,ЦТО!$Y$2,IF(ЦТО!#REF!=ЦТО!#REF!,ЦТО!$AE$2,IF(ЦТО!#REF!=ЦТО!#REF!,ЦТО!$AF$2,IF(ЦТО!#REF!=ЦТО!#REF!,ЦТО!$AG$2,IF(ЦТО!#REF!=ЦТО!#REF!,ЦТО!$AH$2,IF(ЦТО!#REF!=ЦТО!#REF!,ЦТО!$AI$2,IF(ЦТО!#REF!=ЦТО!#REF!,ЦТО!$AJ$2,IF(ЦТО!#REF!=ЦТО!#REF!,ЦТО!$AK$2)))))))))) -> #REF! | J32: =IF(OR(ЦТО!#REF!=ЦТО!$BK$8,ЦТО!#REF!=ЦТО!$BK$9,ЦТО!#REF!=ЦТО!$BK$10),"Обратить внимание","Отклонений нет") -> #REF! | K32: =IF(OR(ЦТО!#REF!=ЦТО!$BK$8,ЦТО!#REF!=ЦТО!$BK$9,ЦТО!#REF!=ЦТО!$BK$10),"Обратить внимание","Отклонений нет") -> #REF! | L32: =IF(OR(ЦТО!#REF!=ЦТО!$BK$8,ЦТО!#REF!=ЦТО!$BK$9,ЦТО!#REF!=ЦТО!$BK$10),"Обратить внимание","Отклонений нет") -> #REF! | M32: =IF(OR(ЦТО!#REF!=ЦТО!$BK$8,ЦТО!#REF!=ЦТО!$BK$9,ЦТО!#REF!=ЦТО!$BK$10),"Обратить внимание","Отклонений нет") -> #REF! | N32: =IF(OR(ЦТО!#REF!=ЦТО!$BK$8,ЦТО!#REF!=ЦТО!$BK$9,ЦТО!#REF!=ЦТО!$BK$10),"Обратить внимание","Отклонений нет") -> #REF! | O32: =IF(OR(ЦТО!#REF!=ЦТО!$BK$8,ЦТО!#REF!=ЦТО!$BK$9,ЦТО!#REF!=ЦТО!$BK$10),"Обратить внимание","Отклонений нет") -> #REF! | P32: =IF(OR(ЦТО!#REF!=ЦТО!$BK$8,ЦТО!#REF!=ЦТО!$BK$9,ЦТО!#REF!=ЦТО!$BK$10),"Обратить внимание","Отклонений нет") -> #REF! | Q32: =IF(OR(ЦТО!#REF!=ЦТО!$BK$8,ЦТО!#REF!=ЦТО!$BK$9,ЦТО!#REF!=ЦТО!$BK$10),"Обратить внимание","Отклонений нет") -> #REF! | ... X32: =IF(OR(ЦТО!#REF!=ЦТО!$BK$8,ЦТО!#REF!=ЦТО!$BK$9,ЦТО!#REF!=ЦТО!$BK$10),"Обратить внимание","Отклонений нет") -> #REF!
A33: 31 | B33: =IF(ЦТО!#REF!="","",ЦТО!#REF!) -> #REF! | C33: =IF(ЦТО!#REF!="","",ЦТО!#REF!) -> #REF! | D33: =IF(ЦТО!#REF!="","",ЦТО!#REF!) -> #REF! | E33: =IF(ЦТО!#REF!=ЦТО!#REF!,"Душа",IF(ЦТО!#REF!=ЦТО!#REF!,ЦТО!$X$2,IF(ЦТО!#REF!=ЦТО!#REF!,ЦТО!$Y$2,IF(ЦТО!#REF!=ЦТО!#REF!,ЦТО!$AE$2,IF(ЦТО!#REF!=ЦТО!#REF!,ЦТО!$AF$2,IF(ЦТО!#REF!=ЦТО!#REF!,ЦТО!$AG$2,IF(ЦТО!#REF!=ЦТО!#REF!,ЦТО!$AH$2,IF(ЦТО!#REF!=ЦТО!#REF!,ЦТО!$AI$2,IF(ЦТО!#REF!=ЦТО!#REF!,ЦТО!$AJ$2,IF(ЦТО!#REF!=ЦТО!#REF!,ЦТО!$AK$2)))))))))) -> #REF! | F33: =IF(ЦТО!#REF!=ЦТО!#REF!,"Душа",IF(ЦТО!#REF!=ЦТО!#REF!,ЦТО!$X$2,IF(ЦТО!#REF!=ЦТО!#REF!,ЦТО!$Y$2,IF(ЦТО!#REF!=ЦТО!#REF!,ЦТО!$AE$2,IF(ЦТО!#REF!=ЦТО!#REF!,ЦТО!$AF$2,IF(ЦТО!#REF!=ЦТО!#REF!,ЦТО!$AG$2,IF(ЦТО!#REF!=ЦТО!#REF!,ЦТО!$AH$2,IF(ЦТО!#REF!=ЦТО!#REF!,ЦТО!$AI$2,IF(ЦТО!#REF!=ЦТО!#REF!,ЦТО!$AJ$2,IF(ЦТО!#REF!=ЦТО!#REF!,ЦТО!$AK$2)))))))))) -> #REF! | G33: =IF(ЦТО!#REF!=ЦТО!#REF!,"Душа",IF(ЦТО!#REF!=ЦТО!#REF!,ЦТО!$X$2,IF(ЦТО!#REF!=ЦТО!#REF!,ЦТО!$Y$2,IF(ЦТО!#REF!=ЦТО!#REF!,ЦТО!$AE$2,IF(ЦТО!#REF!=ЦТО!#REF!,ЦТО!$AF$2,IF(ЦТО!#REF!=ЦТО!#REF!,ЦТО!$AG$2,IF(ЦТО!#REF!=ЦТО!#REF!,ЦТО!$AH$2,IF(ЦТО!#REF!=ЦТО!#REF!,ЦТО!$AI$2,IF(ЦТО!#REF!=ЦТО!#REF!,ЦТО!$AJ$2,IF(ЦТО!#REF!=ЦТО!#REF!,ЦТО!$AK$2)))))))))) -> #REF! | H33: =IF(ЦТО!#REF!=ЦТО!#REF!,"Душа",IF(ЦТО!#REF!=ЦТО!#REF!,ЦТО!$X$2,IF(ЦТО!#REF!=ЦТО!#REF!,ЦТО!$Y$2,IF(ЦТО!#REF!=ЦТО!#REF!,ЦТО!$AE$2,IF(ЦТО!#REF!=ЦТО!#REF!,ЦТО!$AF$2,IF(ЦТО!#REF!=ЦТО!#REF!,ЦТО!$AG$2,IF(ЦТО!#REF!=ЦТО!#REF!,ЦТО!$AH$2,IF(ЦТО!#REF!=ЦТО!#REF!,ЦТО!$AI$2,IF(ЦТО!#REF!=ЦТО!#REF!,ЦТО!$AJ$2,IF(ЦТО!#REF!=ЦТО!#REF!,ЦТО!$AK$2)))))))))) -> #REF! | I33: =IF(ЦТО!#REF!=ЦТО!#REF!,"Душа",IF(ЦТО!#REF!=ЦТО!#REF!,ЦТО!$X$2,IF(ЦТО!#REF!=ЦТО!#REF!,ЦТО!$Y$2,IF(ЦТО!#REF!=ЦТО!#REF!,ЦТО!$AE$2,IF(ЦТО!#REF!=ЦТО!#REF!,ЦТО!$AF$2,IF(ЦТО!#REF!=ЦТО!#REF!,ЦТО!$AG$2,IF(ЦТО!#REF!=ЦТО!#REF!,ЦТО!$AH$2,IF(ЦТО!#REF!=ЦТО!#REF!,ЦТО!$AI$2,IF(ЦТО!#REF!=ЦТО!#REF!,ЦТО!$AJ$2,IF(ЦТО!#REF!=ЦТО!#REF!,ЦТО!$AK$2)))))))))) -> #REF! | J33: =IF(OR(ЦТО!#REF!=ЦТО!$BK$8,ЦТО!#REF!=ЦТО!$BK$9,ЦТО!#REF!=ЦТО!$BK$10),"Обратить внимание","Отклонений нет") -> #REF! | K33: =IF(OR(ЦТО!#REF!=ЦТО!$BK$8,ЦТО!#REF!=ЦТО!$BK$9,ЦТО!#REF!=ЦТО!$BK$10),"Обратить внимание","Отклонений нет") -> #REF! | L33: =IF(OR(ЦТО!#REF!=ЦТО!$BK$8,ЦТО!#REF!=ЦТО!$BK$9,ЦТО!#REF!=ЦТО!$BK$10),"Обратить внимание","Отклонений нет") -> #REF! | M33: =IF(OR(ЦТО!#REF!=ЦТО!$BK$8,ЦТО!#REF!=ЦТО!$BK$9,ЦТО!#REF!=ЦТО!$BK$10),"Обратить внимание","Отклонений нет") -> #REF! | N33: =IF(OR(ЦТО!#REF!=ЦТО!$BK$8,ЦТО!#REF!=ЦТО!$BK$9,ЦТО!#REF!=ЦТО!$BK$10),"Обратить внимание","Отклонений нет") -> #REF! | O33: =IF(OR(ЦТО!#REF!=ЦТО!$BK$8,ЦТО!#REF!=ЦТО!$BK$9,ЦТО!#REF!=ЦТО!$BK$10),"Обратить внимание","Отклонений нет") -> #REF! | P33: =IF(OR(ЦТО!#REF!=ЦТО!$BK$8,ЦТО!#REF!=ЦТО!$BK$9,ЦТО!#REF!=ЦТО!$BK$10),"Обратить внимание","Отклонений нет") -> #REF! | Q33: =IF(OR(ЦТО!#REF!=ЦТО!$BK$8,ЦТО!#REF!=ЦТО!$BK$9,ЦТО!#REF!=ЦТО!$BK$10),"Обратить внимание","Отклонений нет") -> #REF! | ... X33: =IF(OR(ЦТО!#REF!=ЦТО!$BK$8,ЦТО!#REF!=ЦТО!$BK$9,ЦТО!#REF!=ЦТО!$BK$10),"Обратить внимание","Отклонений нет") -> #REF!
A34: 32 | B34: =IF(ЦТО!#REF!="","",ЦТО!#REF!) -> #REF! | C34: =IF(ЦТО!#REF!="","",ЦТО!#REF!) -> #REF! | D34: =IF(ЦТО!#REF!="","",ЦТО!#REF!) -> #REF! | E34: =IF(ЦТО!#REF!=ЦТО!#REF!,"Душа",IF(ЦТО!#REF!=ЦТО!#REF!,ЦТО!$X$2,IF(ЦТО!#REF!=ЦТО!#REF!,ЦТО!$Y$2,IF(ЦТО!#REF!=ЦТО!#REF!,ЦТО!$AE$2,IF(ЦТО!#REF!=ЦТО!#REF!,ЦТО!$AF$2,IF(ЦТО!#REF!=ЦТО!#REF!,ЦТО!$AG$2,IF(ЦТО!#REF!=ЦТО!#REF!,ЦТО!$AH$2,IF(ЦТО!#REF!=ЦТО!#REF!,ЦТО!$AI$2,IF(ЦТО!#REF!=ЦТО!#REF!,ЦТО!$AJ$2,IF(ЦТО!#REF!=ЦТО!#REF!,ЦТО!$AK$2)))))))))) -> #REF! | F34: =IF(ЦТО!#REF!=ЦТО!#REF!,"Душа",IF(ЦТО!#REF!=ЦТО!#REF!,ЦТО!$X$2,IF(ЦТО!#REF!=ЦТО!#REF!,ЦТО!$Y$2,IF(ЦТО!#REF!=ЦТО!#REF!,ЦТО!$AE$2,IF(ЦТО!#REF!=ЦТО!#REF!,ЦТО!$AF$2,IF(ЦТО!#REF!=ЦТО!#REF!,ЦТО!$AG$2,IF(ЦТО!#REF!=ЦТО!#REF!,ЦТО!$AH$2,IF(ЦТО!#REF!=ЦТО!#REF!,ЦТО!$AI$2,IF(ЦТО!#REF!=ЦТО!#REF!,ЦТО!$AJ$2,IF(ЦТО!#REF!=ЦТО!#REF!,ЦТО!$AK$2)))))))))) -> #REF! | G34: =IF(ЦТО!#REF!=ЦТО!#REF!,"Душа",IF(ЦТО!#REF!=ЦТО!#REF!,ЦТО!$X$2,IF(ЦТО!#REF!=ЦТО!#REF!,ЦТО!$Y$2,IF(ЦТО!#REF!=ЦТО!#REF!,ЦТО!$AE$2,IF(ЦТО!#REF!=ЦТО!#REF!,ЦТО!$AF$2,IF(ЦТО!#REF!=ЦТО!#REF!,ЦТО!$AG$2,IF(ЦТО!#REF!=ЦТО!#REF!,ЦТО!$AH$2,IF(ЦТО!#REF!=ЦТО!#REF!,ЦТО!$AI$2,IF(ЦТО!#REF!=ЦТО!#REF!,ЦТО!$AJ$2,IF(ЦТО!#REF!=ЦТО!#REF!,ЦТО!$AK$2)))))))))) -> #REF! | H34: =IF(ЦТО!#REF!=ЦТО!#REF!,"Душа",IF(ЦТО!#REF!=ЦТО!#REF!,ЦТО!$X$2,IF(ЦТО!#REF!=ЦТО!#REF!,ЦТО!$Y$2,IF(ЦТО!#REF!=ЦТО!#REF!,ЦТО!$AE$2,IF(ЦТО!#REF!=ЦТО!#REF!,ЦТО!$AF$2,IF(ЦТО!#REF!=ЦТО!#REF!,ЦТО!$AG$2,IF(ЦТО!#REF!=ЦТО!#REF!,ЦТО!$AH$2,IF(ЦТО!#REF!=ЦТО!#REF!,ЦТО!$AI$2,IF(ЦТО!#REF!=ЦТО!#REF!,ЦТО!$AJ$2,IF(ЦТО!#REF!=ЦТО!#REF!,ЦТО!$AK$2)))))))))) -> #REF! | I34: =IF(ЦТО!#REF!=ЦТО!#REF!,"Душа",IF(ЦТО!#REF!=ЦТО!#REF!,ЦТО!$X$2,IF(ЦТО!#REF!=ЦТО!#REF!,ЦТО!$Y$2,IF(ЦТО!#REF!=ЦТО!#REF!,ЦТО!$AE$2,IF(ЦТО!#REF!=ЦТО!#REF!,ЦТО!$AF$2,IF(ЦТО!#REF!=ЦТО!#REF!,ЦТО!$AG$2,IF(ЦТО!#REF!=ЦТО!#REF!,ЦТО!$AH$2,IF(ЦТО!#REF!=ЦТО!#REF!,ЦТО!$AI$2,IF(ЦТО!#REF!=ЦТО!#REF!,ЦТО!$AJ$2,IF(ЦТО!#REF!=ЦТО!#REF!,ЦТО!$AK$2)))))))))) -> #REF! | J34: =IF(OR(ЦТО!#REF!=ЦТО!$BK$8,ЦТО!#REF!=ЦТО!$BK$9,ЦТО!#REF!=ЦТО!$BK$10),"Обратить внимание","Отклонений нет") -> #REF! | K34: =IF(OR(ЦТО!#REF!=ЦТО!$BK$8,ЦТО!#REF!=ЦТО!$BK$9,ЦТО!#REF!=ЦТО!$BK$10),"Обратить внимание","Отклонений нет") -> #REF! | L34: =IF(OR(ЦТО!#REF!=ЦТО!$BK$8,ЦТО!#REF!=ЦТО!$BK$9,ЦТО!#REF!=ЦТО!$BK$10),"Обратить внимание","Отклонений нет") -> #REF! | M34: =IF(OR(ЦТО!#REF!=ЦТО!$BK$8,ЦТО!#REF!=ЦТО!$BK$9,ЦТО!#REF!=ЦТО!$BK$10),"Обратить внимание","Отклонений нет") -> #REF! | N34: =IF(OR(ЦТО!#REF!=ЦТО!$BK$8,ЦТО!#REF!=ЦТО!$BK$9,ЦТО!#REF!=ЦТО!$BK$10),"Обратить внимание","Отклонений нет") -> #REF! | O34: =IF(OR(ЦТО!#REF!=ЦТО!$BK$8,ЦТО!#REF!=ЦТО!$BK$9,ЦТО!#REF!=ЦТО!$BK$10),"Обратить внимание","Отклонений нет") -> #REF! | P34: =IF(OR(ЦТО!#REF!=ЦТО!$BK$8,ЦТО!#REF!=ЦТО!$BK$9,ЦТО!#REF!=ЦТО!$BK$10),"Обратить внимание","Отклонений нет") -> #REF! | Q34: =IF(OR(ЦТО!#REF!=ЦТО!$BK$8,ЦТО!#REF!=ЦТО!$BK$9,ЦТО!#REF!=ЦТО!$BK$10),"Обратить внимание","Отклонений нет") -> #REF! | ... X34: =IF(OR(ЦТО!#REF!=ЦТО!$BK$8,ЦТО!#REF!=ЦТО!$BK$9,ЦТО!#REF!=ЦТО!$BK$10),"Обратить внимание","Отклонений нет") -> #REF!
A35: 33 | B35: =IF(ЦТО!#REF!="","",ЦТО!#REF!) -> #REF! | C35: =IF(ЦТО!#REF!="","",ЦТО!#REF!) -> #REF! | D35: =IF(ЦТО!#REF!="","",ЦТО!#REF!) -> #REF! | E35: =IF(ЦТО!#REF!=ЦТО!#REF!,"Душа",IF(ЦТО!#REF!=ЦТО!#REF!,ЦТО!$X$2,IF(ЦТО!#REF!=ЦТО!#REF!,ЦТО!$Y$2,IF(ЦТО!#REF!=ЦТО!#REF!,ЦТО!$AE$2,IF(ЦТО!#REF!=ЦТО!#REF!,ЦТО!$AF$2,IF(ЦТО!#REF!=ЦТО!#REF!,ЦТО!$AG$2,IF(ЦТО!#REF!=ЦТО!#REF!,ЦТО!$AH$2,IF(ЦТО!#REF!=ЦТО!#REF!,ЦТО!$AI$2,IF(ЦТО!#REF!=ЦТО!#REF!,ЦТО!$AJ$2,IF(ЦТО!#REF!=ЦТО!#REF!,ЦТО!$AK$2)))))))))) -> #REF! | F35: =IF(ЦТО!#REF!=ЦТО!#REF!,"Душа",IF(ЦТО!#REF!=ЦТО!#REF!,ЦТО!$X$2,IF(ЦТО!#REF!=ЦТО!#REF!,ЦТО!$Y$2,IF(ЦТО!#REF!=ЦТО!#REF!,ЦТО!$AE$2,IF(ЦТО!#REF!=ЦТО!#REF!,ЦТО!$AF$2,IF(ЦТО!#REF!=ЦТО!#REF!,ЦТО!$AG$2,IF(ЦТО!#REF!=ЦТО!#REF!,ЦТО!$AH$2,IF(ЦТО!#REF!=ЦТО!#REF!,ЦТО!$AI$2,IF(ЦТО!#REF!=ЦТО!#REF!,ЦТО!$AJ$2,IF(ЦТО!#REF!=ЦТО!#REF!,ЦТО!$AK$2)))))))))) -> #REF! | G35: =IF(ЦТО!#REF!=ЦТО!#REF!,"Душа",IF(ЦТО!#REF!=ЦТО!#REF!,ЦТО!$X$2,IF(ЦТО!#REF!=ЦТО!#REF!,ЦТО!$Y$2,IF(ЦТО!#REF!=ЦТО!#REF!,ЦТО!$AE$2,IF(ЦТО!#REF!=ЦТО!#REF!,ЦТО!$AF$2,IF(ЦТО!#REF!=ЦТО!#REF!,ЦТО!$AG$2,IF(ЦТО!#REF!=ЦТО!#REF!,ЦТО!$AH$2,IF(ЦТО!#REF!=ЦТО!#REF!,ЦТО!$AI$2,IF(ЦТО!#REF!=ЦТО!#REF!,ЦТО!$AJ$2,IF(ЦТО!#REF!=ЦТО!#REF!,ЦТО!$AK$2)))))))))) -> #REF! | H35: =IF(ЦТО!#REF!=ЦТО!#REF!,"Душа",IF(ЦТО!#REF!=ЦТО!#REF!,ЦТО!$X$2,IF(ЦТО!#REF!=ЦТО!#REF!,ЦТО!$Y$2,IF(ЦТО!#REF!=ЦТО!#REF!,ЦТО!$AE$2,IF(ЦТО!#REF!=ЦТО!#REF!,ЦТО!$AF$2,IF(ЦТО!#REF!=ЦТО!#REF!,ЦТО!$AG$2,IF(ЦТО!#REF!=ЦТО!#REF!,ЦТО!$AH$2,IF(ЦТО!#REF!=ЦТО!#REF!,ЦТО!$AI$2,IF(ЦТО!#REF!=ЦТО!#REF!,ЦТО!$AJ$2,IF(ЦТО!#REF!=ЦТО!#REF!,ЦТО!$AK$2)))))))))) -> #REF! | I35: =IF(ЦТО!#REF!=ЦТО!#REF!,"Душа",IF(ЦТО!#REF!=ЦТО!#REF!,ЦТО!$X$2,IF(ЦТО!#REF!=ЦТО!#REF!,ЦТО!$Y$2,IF(ЦТО!#REF!=ЦТО!#REF!,ЦТО!$AE$2,IF(ЦТО!#REF!=ЦТО!#REF!,ЦТО!$AF$2,IF(ЦТО!#REF!=ЦТО!#REF!,ЦТО!$AG$2,IF(ЦТО!#REF!=ЦТО!#REF!,ЦТО!$AH$2,IF(ЦТО!#REF!=ЦТО!#REF!,ЦТО!$AI$2,IF(ЦТО!#REF!=ЦТО!#REF!,ЦТО!$AJ$2,IF(ЦТО!#REF!=ЦТО!#REF!,ЦТО!$AK$2)))))))))) -> #REF! | J35: =IF(OR(ЦТО!#REF!=ЦТО!$BK$8,ЦТО!#REF!=ЦТО!$BK$9,ЦТО!#REF!=ЦТО!$BK$10),"Обратить внимание","Отклонений нет") -> #REF! | K35: =IF(OR(ЦТО!#REF!=ЦТО!$BK$8,ЦТО!#REF!=ЦТО!$BK$9,ЦТО!#REF!=ЦТО!$BK$10),"Обратить внимание","Отклонений нет") -> #REF! | L35: =IF(OR(ЦТО!#REF!=ЦТО!$BK$8,ЦТО!#REF!=ЦТО!$BK$9,ЦТО!#REF!=ЦТО!$BK$10),"Обратить внимание","Отклонений нет") -> #REF! | M35: =IF(OR(ЦТО!#REF!=ЦТО!$BK$8,ЦТО!#REF!=ЦТО!$BK$9,ЦТО!#REF!=ЦТО!$BK$10),"Обратить внимание","Отклонений нет") -> #REF! | N35: =IF(OR(ЦТО!#REF!=ЦТО!$BK$8,ЦТО!#REF!=ЦТО!$BK$9,ЦТО!#REF!=ЦТО!$BK$10),"Обратить внимание","Отклонений нет") -> #REF! | O35: =IF(OR(ЦТО!#REF!=ЦТО!$BK$8,ЦТО!#REF!=ЦТО!$BK$9,ЦТО!#REF!=ЦТО!$BK$10),"Обратить внимание","Отклонений нет") -> #REF! | P35: =IF(OR(ЦТО!#REF!=ЦТО!$BK$8,ЦТО!#REF!=ЦТО!$BK$9,ЦТО!#REF!=ЦТО!$BK$10),"Обратить внимание","Отклонений нет") -> #REF! | Q35: =IF(OR(ЦТО!#REF!=ЦТО!$BK$8,ЦТО!#REF!=ЦТО!$BK$9,ЦТО!#REF!=ЦТО!$BK$10),"Обратить внимание","Отклонений нет") -> #REF! | ... X35: =IF(OR(ЦТО!#REF!=ЦТО!$BK$8,ЦТО!#REF!=ЦТО!$BK$9,ЦТО!#REF!=ЦТО!$BK$10),"Обратить внимание","Отклонений нет") -> #REF!
A36: 34 | B36: =IF(ЦТО!#REF!="","",ЦТО!#REF!) -> #REF! | C36: =IF(ЦТО!#REF!="","",ЦТО!#REF!) -> #REF! | D36: =IF(ЦТО!#REF!="","",ЦТО!#REF!) -> #REF! | E36: =IF(ЦТО!#REF!=ЦТО!#REF!,"Душа",IF(ЦТО!#REF!=ЦТО!#REF!,ЦТО!$X$2,IF(ЦТО!#REF!=ЦТО!#REF!,ЦТО!$Y$2,IF(ЦТО!#REF!=ЦТО!#REF!,ЦТО!$AE$2,IF(ЦТО!#REF!=ЦТО!#REF!,ЦТО!$AF$2,IF(ЦТО!#REF!=ЦТО!#REF!,ЦТО!$AG$2,IF(ЦТО!#REF!=ЦТО!#REF!,ЦТО!$AH$2,IF(ЦТО!#REF!=ЦТО!#REF!,ЦТО!$AI$2,IF(ЦТО!#REF!=ЦТО!#REF!,ЦТО!$AJ$2,IF(ЦТО!#REF!=ЦТО!#REF!,ЦТО!$AK$2)))))))))) -> #REF! | F36: =IF(ЦТО!#REF!=ЦТО!#REF!,"Душа",IF(ЦТО!#REF!=ЦТО!#REF!,ЦТО!$X$2,IF(ЦТО!#REF!=ЦТО!#REF!,ЦТО!$Y$2,IF(ЦТО!#REF!=ЦТО!#REF!,ЦТО!$AE$2,IF(ЦТО!#REF!=ЦТО!#REF!,ЦТО!$AF$2,IF(ЦТО!#REF!=ЦТО!#REF!,ЦТО!$AG$2,IF(ЦТО!#REF!=ЦТО!#REF!,ЦТО!$AH$2,IF(ЦТО!#REF!=ЦТО!#REF!,ЦТО!$AI$2,IF(ЦТО!#REF!=ЦТО!#REF!,ЦТО!$AJ$2,IF(ЦТО!#REF!=ЦТО!#REF!,ЦТО!$AK$2)))))))))) -> #REF! | G36: =IF(ЦТО!#REF!=ЦТО!#REF!,"Душа",IF(ЦТО!#REF!=ЦТО!#REF!,ЦТО!$X$2,IF(ЦТО!#REF!=ЦТО!#REF!,ЦТО!$Y$2,IF(ЦТО!#REF!=ЦТО!#REF!,ЦТО!$AE$2,IF(ЦТО!#REF!=ЦТО!#REF!,ЦТО!$AF$2,IF(ЦТО!#REF!=ЦТО!#REF!,ЦТО!$AG$2,IF(ЦТО!#REF!=ЦТО!#REF!,ЦТО!$AH$2,IF(ЦТО!#REF!=ЦТО!#REF!,ЦТО!$AI$2,IF(ЦТО!#REF!=ЦТО!#REF!,ЦТО!$AJ$2,IF(ЦТО!#REF!=ЦТО!#REF!,ЦТО!$AK$2)))))))))) -> #REF! | H36: =IF(ЦТО!#REF!=ЦТО!#REF!,"Душа",IF(ЦТО!#REF!=ЦТО!#REF!,ЦТО!$X$2,IF(ЦТО!#REF!=ЦТО!#REF!,ЦТО!$Y$2,IF(ЦТО!#REF!=ЦТО!#REF!,ЦТО!$AE$2,IF(ЦТО!#REF!=ЦТО!#REF!,ЦТО!$AF$2,IF(ЦТО!#REF!=ЦТО!#REF!,ЦТО!$AG$2,IF(ЦТО!#REF!=ЦТО!#REF!,ЦТО!$AH$2,IF(ЦТО!#REF!=ЦТО!#REF!,ЦТО!$AI$2,IF(ЦТО!#REF!=ЦТО!#REF!,ЦТО!$AJ$2,IF(ЦТО!#REF!=ЦТО!#REF!,ЦТО!$AK$2)))))))))) -> #REF! | I36: =IF(ЦТО!#REF!=ЦТО!#REF!,"Душа",IF(ЦТО!#REF!=ЦТО!#REF!,ЦТО!$X$2,IF(ЦТО!#REF!=ЦТО!#REF!,ЦТО!$Y$2,IF(ЦТО!#REF!=ЦТО!#REF!,ЦТО!$AE$2,IF(ЦТО!#REF!=ЦТО!#REF!,ЦТО!$AF$2,IF(ЦТО!#REF!=ЦТО!#REF!,ЦТО!$AG$2,IF(ЦТО!#REF!=ЦТО!#REF!,ЦТО!$AH$2,IF(ЦТО!#REF!=ЦТО!#REF!,ЦТО!$AI$2,IF(ЦТО!#REF!=ЦТО!#REF!,ЦТО!$AJ$2,IF(ЦТО!#REF!=ЦТО!#REF!,ЦТО!$AK$2)))))))))) -> #REF! | J36: =IF(OR(ЦТО!#REF!=ЦТО!$BK$8,ЦТО!#REF!=ЦТО!$BK$9,ЦТО!#REF!=ЦТО!$BK$10),"Обратить внимание","Отклонений нет") -> #REF! | K36: =IF(OR(ЦТО!#REF!=ЦТО!$BK$8,ЦТО!#REF!=ЦТО!$BK$9,ЦТО!#REF!=ЦТО!$BK$10),"Обратить внимание","Отклонений нет") -> #REF! | L36: =IF(OR(ЦТО!#REF!=ЦТО!$BK$8,ЦТО!#REF!=ЦТО!$BK$9,ЦТО!#REF!=ЦТО!$BK$10),"Обратить внимание","Отклонений нет") -> #REF! | M36: =IF(OR(ЦТО!#REF!=ЦТО!$BK$8,ЦТО!#REF!=ЦТО!$BK$9,ЦТО!#REF!=ЦТО!$BK$10),"Обратить внимание","Отклонений нет") -> #REF! | N36: =IF(OR(ЦТО!#REF!=ЦТО!$BK$8,ЦТО!#REF!=ЦТО!$BK$9,ЦТО!#REF!=ЦТО!$BK$10),"Обратить внимание","Отклонений нет") -> #REF! | O36: =IF(OR(ЦТО!#REF!=ЦТО!$BK$8,ЦТО!#REF!=ЦТО!$BK$9,ЦТО!#REF!=ЦТО!$BK$10),"Обратить внимание","Отклонений нет") -> #REF! | P36: =IF(OR(ЦТО!#REF!=ЦТО!$BK$8,ЦТО!#REF!=ЦТО!$BK$9,ЦТО!#REF!=ЦТО!$BK$10),"Обратить внимание","Отклонений нет") -> #REF! | Q36: =IF(OR(ЦТО!#REF!=ЦТО!$BK$8,ЦТО!#REF!=ЦТО!$BK$9,ЦТО!#REF!=ЦТО!$BK$10),"Обратить внимание","Отклонений нет") -> #REF! | ... X36: =IF(OR(ЦТО!#REF!=ЦТО!$BK$8,ЦТО!#REF!=ЦТО!$BK$9,ЦТО!#REF!=ЦТО!$BK$10),"Обратить внимание","Отклонений нет") -> #REF!
A37: 35 | B37: =IF(ЦТО!#REF!="","",ЦТО!#REF!) -> #REF! | C37: =IF(ЦТО!#REF!="","",ЦТО!#REF!) -> #REF! | D37: =IF(ЦТО!#REF!="","",ЦТО!#REF!) -> #REF! | E37: =IF(ЦТО!#REF!=ЦТО!#REF!,"Душа",IF(ЦТО!#REF!=ЦТО!#REF!,ЦТО!$X$2,IF(ЦТО!#REF!=ЦТО!#REF!,ЦТО!$Y$2,IF(ЦТО!#REF!=ЦТО!#REF!,ЦТО!$AE$2,IF(ЦТО!#REF!=ЦТО!#REF!,ЦТО!$AF$2,IF(ЦТО!#REF!=ЦТО!#REF!,ЦТО!$AG$2,IF(ЦТО!#REF!=ЦТО!#REF!,ЦТО!$AH$2,IF(ЦТО!#REF!=ЦТО!#REF!,ЦТО!$AI$2,IF(ЦТО!#REF!=ЦТО!#REF!,ЦТО!$AJ$2,IF(ЦТО!#REF!=ЦТО!#REF!,ЦТО!$AK$2)))))))))) -> #REF! | F37: =IF(ЦТО!#REF!=ЦТО!#REF!,"Душа",IF(ЦТО!#REF!=ЦТО!#REF!,ЦТО!$X$2,IF(ЦТО!#REF!=ЦТО!#REF!,ЦТО!$Y$2,IF(ЦТО!#REF!=ЦТО!#REF!,ЦТО!$AE$2,IF(ЦТО!#REF!=ЦТО!#REF!,ЦТО!$AF$2,IF(ЦТО!#REF!=ЦТО!#REF!,ЦТО!$AG$2,IF(ЦТО!#REF!=ЦТО!#REF!,ЦТО!$AH$2,IF(ЦТО!#REF!=ЦТО!#REF!,ЦТО!$AI$2,IF(ЦТО!#REF!=ЦТО!#REF!,ЦТО!$AJ$2,IF(ЦТО!#REF!=ЦТО!#REF!,ЦТО!$AK$2)))))))))) -> #REF! | G37: =IF(ЦТО!#REF!=ЦТО!#REF!,"Душа",IF(ЦТО!#REF!=ЦТО!#REF!,ЦТО!$X$2,IF(ЦТО!#REF!=ЦТО!#REF!,ЦТО!$Y$2,IF(ЦТО!#REF!=ЦТО!#REF!,ЦТО!$AE$2,IF(ЦТО!#REF!=ЦТО!#REF!,ЦТО!$AF$2,IF(ЦТО!#REF!=ЦТО!#REF!,ЦТО!$AG$2,IF(ЦТО!#REF!=ЦТО!#REF!,ЦТО!$AH$2,IF(ЦТО!#REF!=ЦТО!#REF!,ЦТО!$AI$2,IF(ЦТО!#REF!=ЦТО!#REF!,ЦТО!$AJ$2,IF(ЦТО!#REF!=ЦТО!#REF!,ЦТО!$AK$2)))))))))) -> #REF! | H37: =IF(ЦТО!#REF!=ЦТО!#REF!,"Душа",IF(ЦТО!#REF!=ЦТО!#REF!,ЦТО!$X$2,IF(ЦТО!#REF!=ЦТО!#REF!,ЦТО!$Y$2,IF(ЦТО!#REF!=ЦТО!#REF!,ЦТО!$AE$2,IF(ЦТО!#REF!=ЦТО!#REF!,ЦТО!$AF$2,IF(ЦТО!#REF!=ЦТО!#REF!,ЦТО!$AG$2,IF(ЦТО!#REF!=ЦТО!#REF!,ЦТО!$AH$2,IF(ЦТО!#REF!=ЦТО!#REF!,ЦТО!$AI$2,IF(ЦТО!#REF!=ЦТО!#REF!,ЦТО!$AJ$2,IF(ЦТО!#REF!=ЦТО!#REF!,ЦТО!$AK$2)))))))))) -> #REF! | I37: =IF(ЦТО!#REF!=ЦТО!#REF!,"Душа",IF(ЦТО!#REF!=ЦТО!#REF!,ЦТО!$X$2,IF(ЦТО!#REF!=ЦТО!#REF!,ЦТО!$Y$2,IF(ЦТО!#REF!=ЦТО!#REF!,ЦТО!$AE$2,IF(ЦТО!#REF!=ЦТО!#REF!,ЦТО!$AF$2,IF(ЦТО!#REF!=ЦТО!#REF!,ЦТО!$AG$2,IF(ЦТО!#REF!=ЦТО!#REF!,ЦТО!$AH$2,IF(ЦТО!#REF!=ЦТО!#REF!,ЦТО!$AI$2,IF(ЦТО!#REF!=ЦТО!#REF!,ЦТО!$AJ$2,IF(ЦТО!#REF!=ЦТО!#REF!,ЦТО!$AK$2)))))))))) -> #REF! | J37: =IF(OR(ЦТО!#REF!=ЦТО!$BK$8,ЦТО!#REF!=ЦТО!$BK$9,ЦТО!#REF!=ЦТО!$BK$10),"Обратить внимание","Отклонений нет") -> #REF! | K37: =IF(OR(ЦТО!#REF!=ЦТО!$BK$8,ЦТО!#REF!=ЦТО!$BK$9,ЦТО!#REF!=ЦТО!$BK$10),"Обратить внимание","Отклонений нет") -> #REF! | L37: =IF(OR(ЦТО!#REF!=ЦТО!$BK$8,ЦТО!#REF!=ЦТО!$BK$9,ЦТО!#REF!=ЦТО!$BK$10),"Обратить внимание","Отклонений нет") -> #REF! | M37: =IF(OR(ЦТО!#REF!=ЦТО!$BK$8,ЦТО!#REF!=ЦТО!$BK$9,ЦТО!#REF!=ЦТО!$BK$10),"Обратить внимание","Отклонений нет") -> #REF! | N37: =IF(OR(ЦТО!#REF!=ЦТО!$BK$8,ЦТО!#REF!=ЦТО!$BK$9,ЦТО!#REF!=ЦТО!$BK$10),"Обратить внимание","Отклонений нет") -> #REF! | O37: =IF(OR(ЦТО!#REF!=ЦТО!$BK$8,ЦТО!#REF!=ЦТО!$BK$9,ЦТО!#REF!=ЦТО!$BK$10),"Обратить внимание","Отклонений нет") -> #REF! | P37: =IF(OR(ЦТО!#REF!=ЦТО!$BK$8,ЦТО!#REF!=ЦТО!$BK$9,ЦТО!#REF!=ЦТО!$BK$10),"Обратить внимание","Отклонений нет") -> #REF! | Q37: =IF(OR(ЦТО!#REF!=ЦТО!$BK$8,ЦТО!#REF!=ЦТО!$BK$9,ЦТО!#REF!=ЦТО!$BK$10),"Обратить внимание","Отклонений нет") -> #REF! | ... X37: =IF(OR(ЦТО!#REF!=ЦТО!$BK$8,ЦТО!#REF!=ЦТО!$BK$9,ЦТО!#REF!=ЦТО!$BK$10),"Обратить внимание","Отклонений нет") -> #REF!
A38: 36 | B38: =IF(ЦТО!#REF!="","",ЦТО!#REF!) -> #REF! | C38: =IF(ЦТО!#REF!="","",ЦТО!#REF!) -> #REF! | D38: =IF(ЦТО!#REF!="","",ЦТО!#REF!) -> #REF! | E38: =IF(ЦТО!#REF!=ЦТО!#REF!,"Душа",IF(ЦТО!#REF!=ЦТО!#REF!,ЦТО!$X$2,IF(ЦТО!#REF!=ЦТО!#REF!,ЦТО!$Y$2,IF(ЦТО!#REF!=ЦТО!#REF!,ЦТО!$AE$2,IF(ЦТО!#REF!=ЦТО!#REF!,ЦТО!$AF$2,IF(ЦТО!#REF!=ЦТО!#REF!,ЦТО!$AG$2,IF(ЦТО!#REF!=ЦТО!#REF!,ЦТО!$AH$2,IF(ЦТО!#REF!=ЦТО!#REF!,ЦТО!$AI$2,IF(ЦТО!#REF!=ЦТО!#REF!,ЦТО!$AJ$2,IF(ЦТО!#REF!=ЦТО!#REF!,ЦТО!$AK$2)))))))))) -> #REF! | F38: =IF(ЦТО!#REF!=ЦТО!#REF!,"Душа",IF(ЦТО!#REF!=ЦТО!#REF!,ЦТО!$X$2,IF(ЦТО!#REF!=ЦТО!#REF!,ЦТО!$Y$2,IF(ЦТО!#REF!=ЦТО!#REF!,ЦТО!$AE$2,IF(ЦТО!#REF!=ЦТО!#REF!,ЦТО!$AF$2,IF(ЦТО!#REF!=ЦТО!#REF!,ЦТО!$AG$2,IF(ЦТО!#REF!=ЦТО!#REF!,ЦТО!$AH$2,IF(ЦТО!#REF!=ЦТО!#REF!,ЦТО!$AI$2,IF(ЦТО!#REF!=ЦТО!#REF!,ЦТО!$AJ$2,IF(ЦТО!#REF!=ЦТО!#REF!,ЦТО!$AK$2)))))))))) -> #REF! | G38: =IF(ЦТО!#REF!=ЦТО!#REF!,"Душа",IF(ЦТО!#REF!=ЦТО!#REF!,ЦТО!$X$2,IF(ЦТО!#REF!=ЦТО!#REF!,ЦТО!$Y$2,IF(ЦТО!#REF!=ЦТО!#REF!,ЦТО!$AE$2,IF(ЦТО!#REF!=ЦТО!#REF!,ЦТО!$AF$2,IF(ЦТО!#REF!=ЦТО!#REF!,ЦТО!$AG$2,IF(ЦТО!#REF!=ЦТО!#REF!,ЦТО!$AH$2,IF(ЦТО!#REF!=ЦТО!#REF!,ЦТО!$AI$2,IF(ЦТО!#REF!=ЦТО!#REF!,ЦТО!$AJ$2,IF(ЦТО!#REF!=ЦТО!#REF!,ЦТО!$AK$2)))))))))) -> #REF! | H38: =IF(ЦТО!#REF!=ЦТО!#REF!,"Душа",IF(ЦТО!#REF!=ЦТО!#REF!,ЦТО!$X$2,IF(ЦТО!#REF!=ЦТО!#REF!,ЦТО!$Y$2,IF(ЦТО!#REF!=ЦТО!#REF!,ЦТО!$AE$2,IF(ЦТО!#REF!=ЦТО!#REF!,ЦТО!$AF$2,IF(ЦТО!#REF!=ЦТО!#REF!,ЦТО!$AG$2,IF(ЦТО!#REF!=ЦТО!#REF!,ЦТО!$AH$2,IF(ЦТО!#REF!=ЦТО!#REF!,ЦТО!$AI$2,IF(ЦТО!#REF!=ЦТО!#REF!,ЦТО!$AJ$2,IF(ЦТО!#REF!=ЦТО!#REF!,ЦТО!$AK$2)))))))))) -> #REF! | I38: =IF(ЦТО!#REF!=ЦТО!#REF!,"Душа",IF(ЦТО!#REF!=ЦТО!#REF!,ЦТО!$X$2,IF(ЦТО!#REF!=ЦТО!#REF!,ЦТО!$Y$2,IF(ЦТО!#REF!=ЦТО!#REF!,ЦТО!$AE$2,IF(ЦТО!#REF!=ЦТО!#REF!,ЦТО!$AF$2,IF(ЦТО!#REF!=ЦТО!#REF!,ЦТО!$AG$2,IF(ЦТО!#REF!=ЦТО!#REF!,ЦТО!$AH$2,IF(ЦТО!#REF!=ЦТО!#REF!,ЦТО!$AI$2,IF(ЦТО!#REF!=ЦТО!#REF!,ЦТО!$AJ$2,IF(ЦТО!#REF!=ЦТО!#REF!,ЦТО!$AK$2)))))))))) -> #REF! | J38: =IF(OR(ЦТО!#REF!=ЦТО!$BK$8,ЦТО!#REF!=ЦТО!$BK$9,ЦТО!#REF!=ЦТО!$BK$10),"Обратить внимание","Отклонений нет") -> #REF! | K38: =IF(OR(ЦТО!#REF!=ЦТО!$BK$8,ЦТО!#REF!=ЦТО!$BK$9,ЦТО!#REF!=ЦТО!$BK$10),"Обратить внимание","Отклонений нет") -> #REF! | L38: =IF(OR(ЦТО!#REF!=ЦТО!$BK$8,ЦТО!#REF!=ЦТО!$BK$9,ЦТО!#REF!=ЦТО!$BK$10),"Обратить внимание","Отклонений нет") -> #REF! | M38: =IF(OR(ЦТО!#REF!=ЦТО!$BK$8,ЦТО!#REF!=ЦТО!$BK$9,ЦТО!#REF!=ЦТО!$BK$10),"Обратить внимание","Отклонений нет") -> #REF! | N38: =IF(OR(ЦТО!#REF!=ЦТО!$BK$8,ЦТО!#REF!=ЦТО!$BK$9,ЦТО!#REF!=ЦТО!$BK$10),"Обратить внимание","Отклонений нет") -> #REF! | O38: =IF(OR(ЦТО!#REF!=ЦТО!$BK$8,ЦТО!#REF!=ЦТО!$BK$9,ЦТО!#REF!=ЦТО!$BK$10),"Обратить внимание","Отклонений нет") -> #REF! | P38: =IF(OR(ЦТО!#REF!=ЦТО!$BK$8,ЦТО!#REF!=ЦТО!$BK$9,ЦТО!#REF!=ЦТО!$BK$10),"Обратить внимание","Отклонений нет") -> #REF! | Q38: =IF(OR(ЦТО!#REF!=ЦТО!$BK$8,ЦТО!#REF!=ЦТО!$BK$9,ЦТО!#REF!=ЦТО!$BK$10),"Обратить внимание","Отклонений нет") -> #REF! | ... X38: =IF(OR(ЦТО!#REF!=ЦТО!$BK$8,ЦТО!#REF!=ЦТО!$BK$9,ЦТО!#REF!=ЦТО!$BK$10),"Обратить внимание","Отклонений нет") -> #REF!
A39: 37 | B39: =IF(ЦТО!#REF!="","",ЦТО!#REF!) -> #REF! | C39: =IF(ЦТО!#REF!="","",ЦТО!#REF!) -> #REF! | D39: =IF(ЦТО!#REF!="","",ЦТО!#REF!) -> #REF! | E39: =IF(ЦТО!#REF!=ЦТО!#REF!,"Душа",IF(ЦТО!#REF!=ЦТО!#REF!,ЦТО!$X$2,IF(ЦТО!#REF!=ЦТО!#REF!,ЦТО!$Y$2,IF(ЦТО!#REF!=ЦТО!#REF!,ЦТО!$AE$2,IF(ЦТО!#REF!=ЦТО!#REF!,ЦТО!$AF$2,IF(ЦТО!#REF!=ЦТО!#REF!,ЦТО!$AG$2,IF(ЦТО!#REF!=ЦТО!#REF!,ЦТО!$AH$2,IF(ЦТО!#REF!=ЦТО!#REF!,ЦТО!$AI$2,IF(ЦТО!#REF!=ЦТО!#REF!,ЦТО!$AJ$2,IF(ЦТО!#REF!=ЦТО!#REF!,ЦТО!$AK$2)))))))))) -> #REF! | F39: =IF(ЦТО!#REF!=ЦТО!#REF!,"Душа",IF(ЦТО!#REF!=ЦТО!#REF!,ЦТО!$X$2,IF(ЦТО!#REF!=ЦТО!#REF!,ЦТО!$Y$2,IF(ЦТО!#REF!=ЦТО!#REF!,ЦТО!$AE$2,IF(ЦТО!#REF!=ЦТО!#REF!,ЦТО!$AF$2,IF(ЦТО!#REF!=ЦТО!#REF!,ЦТО!$AG$2,IF(ЦТО!#REF!=ЦТО!#REF!,ЦТО!$AH$2,IF(ЦТО!#REF!=ЦТО!#REF!,ЦТО!$AI$2,IF(ЦТО!#REF!=ЦТО!#REF!,ЦТО!$AJ$2,IF(ЦТО!#REF!=ЦТО!#REF!,ЦТО!$AK$2)))))))))) -> #REF! | G39: =IF(ЦТО!#REF!=ЦТО!#REF!,"Душа",IF(ЦТО!#REF!=ЦТО!#REF!,ЦТО!$X$2,IF(ЦТО!#REF!=ЦТО!#REF!,ЦТО!$Y$2,IF(ЦТО!#REF!=ЦТО!#REF!,ЦТО!$AE$2,IF(ЦТО!#REF!=ЦТО!#REF!,ЦТО!$AF$2,IF(ЦТО!#REF!=ЦТО!#REF!,ЦТО!$AG$2,IF(ЦТО!#REF!=ЦТО!#REF!,ЦТО!$AH$2,IF(ЦТО!#REF!=ЦТО!#REF!,ЦТО!$AI$2,IF(ЦТО!#REF!=ЦТО!#REF!,ЦТО!$AJ$2,IF(ЦТО!#REF!=ЦТО!#REF!,ЦТО!$AK$2)))))))))) -> #REF! | H39: =IF(ЦТО!#REF!=ЦТО!#REF!,"Душа",IF(ЦТО!#REF!=ЦТО!#REF!,ЦТО!$X$2,IF(ЦТО!#REF!=ЦТО!#REF!,ЦТО!$Y$2,IF(ЦТО!#REF!=ЦТО!#REF!,ЦТО!$AE$2,IF(ЦТО!#REF!=ЦТО!#REF!,ЦТО!$AF$2,IF(ЦТО!#REF!=ЦТО!#REF!,ЦТО!$AG$2,IF(ЦТО!#REF!=ЦТО!#REF!,ЦТО!$AH$2,IF(ЦТО!#REF!=ЦТО!#REF!,ЦТО!$AI$2,IF(ЦТО!#REF!=ЦТО!#REF!,ЦТО!$AJ$2,IF(ЦТО!#REF!=ЦТО!#REF!,ЦТО!$AK$2)))))))))) -> #REF! | I39: =IF(ЦТО!#REF!=ЦТО!#REF!,"Душа",IF(ЦТО!#REF!=ЦТО!#REF!,ЦТО!$X$2,IF(ЦТО!#REF!=ЦТО!#REF!,ЦТО!$Y$2,IF(ЦТО!#REF!=ЦТО!#REF!,ЦТО!$AE$2,IF(ЦТО!#REF!=ЦТО!#REF!,ЦТО!$AF$2,IF(ЦТО!#REF!=ЦТО!#REF!,ЦТО!$AG$2,IF(ЦТО!#REF!=ЦТО!#REF!,ЦТО!$AH$2,IF(ЦТО!#REF!=ЦТО!#REF!,ЦТО!$AI$2,IF(ЦТО!#REF!=ЦТО!#REF!,ЦТО!$AJ$2,IF(ЦТО!#REF!=ЦТО!#REF!,ЦТО!$AK$2)))))))))) -> #REF! | J39: =IF(OR(ЦТО!#REF!=ЦТО!$BK$8,ЦТО!#REF!=ЦТО!$BK$9,ЦТО!#REF!=ЦТО!$BK$10),"Обратить внимание","Отклонений нет") -> #REF! | K39: =IF(OR(ЦТО!#REF!=ЦТО!$BK$8,ЦТО!#REF!=ЦТО!$BK$9,ЦТО!#REF!=ЦТО!$BK$10),"Обратить внимание","Отклонений нет") -> #REF! | L39: =IF(OR(ЦТО!#REF!=ЦТО!$BK$8,ЦТО!#REF!=ЦТО!$BK$9,ЦТО!#REF!=ЦТО!$BK$10),"Обратить внимание","Отклонений нет") -> #REF! | M39: =IF(OR(ЦТО!#REF!=ЦТО!$BK$8,ЦТО!#REF!=ЦТО!$BK$9,ЦТО!#REF!=ЦТО!$BK$10),"Обратить внимание","Отклонений нет") -> #REF! | N39: =IF(OR(ЦТО!#REF!=ЦТО!$BK$8,ЦТО!#REF!=ЦТО!$BK$9,ЦТО!#REF!=ЦТО!$BK$10),"Обратить внимание","Отклонений нет") -> #REF! | O39: =IF(OR(ЦТО!#REF!=ЦТО!$BK$8,ЦТО!#REF!=ЦТО!$BK$9,ЦТО!#REF!=ЦТО!$BK$10),"Обратить внимание","Отклонений нет") -> #REF! | P39: =IF(OR(ЦТО!#REF!=ЦТО!$BK$8,ЦТО!#REF!=ЦТО!$BK$9,ЦТО!#REF!=ЦТО!$BK$10),"Обратить внимание","Отклонений нет") -> #REF! | Q39: =IF(OR(ЦТО!#REF!=ЦТО!$BK$8,ЦТО!#REF!=ЦТО!$BK$9,ЦТО!#REF!=ЦТО!$BK$10),"Обратить внимание","Отклонений нет") -> #REF! | ... X39: =IF(OR(ЦТО!#REF!=ЦТО!$BK$8,ЦТО!#REF!=ЦТО!$BK$9,ЦТО!#REF!=ЦТО!$BK$10),"Обратить внимание","Отклонений нет") -> #REF!
... A120: 118 | B120: =IF(ЦТО!#REF!="","",ЦТО!#REF!) -> #REF! | C120: =IF(ЦТО!#REF!="","",ЦТО!#REF!) -> #REF! | D120: =IF(ЦТО!#REF!="","",ЦТО!#REF!) -> #REF! | E120: =IF(ЦТО!#REF!=ЦТО!#REF!,"Душа",IF(ЦТО!#REF!=ЦТО!#REF!,ЦТО!$X$2,IF(ЦТО!#REF!=ЦТО!#REF!,ЦТО!$Y$2,IF(ЦТО!#REF!=ЦТО!#REF!,ЦТО!$AE$2,IF(ЦТО!#REF!=ЦТО!#REF!,ЦТО!$AF$2,IF(ЦТО!#REF!=ЦТО!#REF!,ЦТО!$AG$2,IF(ЦТО!#REF!=ЦТО!#REF!,ЦТО!$AH$2,IF(ЦТО!#REF!=ЦТО!#REF!,ЦТО!$AI$2,IF(ЦТО!#REF!=ЦТО!#REF!,ЦТО!$AJ$2,IF(ЦТО!#REF!=ЦТО!#REF!,ЦТО!$AK$2)))))))))) -> #REF! | F120: =IF(ЦТО!#REF!=ЦТО!#REF!,"Душа",IF(ЦТО!#REF!=ЦТО!#REF!,ЦТО!$X$2,IF(ЦТО!#REF!=ЦТО!#REF!,ЦТО!$Y$2,IF(ЦТО!#REF!=ЦТО!#REF!,ЦТО!$AE$2,IF(ЦТО!#REF!=ЦТО!#REF!,ЦТО!$AF$2,IF(ЦТО!#REF!=ЦТО!#REF!,ЦТО!$AG$2,IF(ЦТО!#REF!=ЦТО!#REF!,ЦТО!$AH$2,IF(ЦТО!#REF!=ЦТО!#REF!,ЦТО!$AI$2,IF(ЦТО!#REF!=ЦТО!#REF!,ЦТО!$AJ$2,IF(ЦТО!#REF!=ЦТО!#REF!,ЦТО!$AK$2)))))))))) -> #REF! | G120: =IF(ЦТО!#REF!=ЦТО!#REF!,"Душа",IF(ЦТО!#REF!=ЦТО!#REF!,ЦТО!$X$2,IF(ЦТО!#REF!=ЦТО!#REF!,ЦТО!$Y$2,IF(ЦТО!#REF!=ЦТО!#REF!,ЦТО!$AE$2,IF(ЦТО!#REF!=ЦТО!#REF!,ЦТО!$AF$2,IF(ЦТО!#REF!=ЦТО!#REF!,ЦТО!$AG$2,IF(ЦТО!#REF!=ЦТО!#REF!,ЦТО!$AH$2,IF(ЦТО!#REF!=ЦТО!#REF!,ЦТО!$AI$2,IF(ЦТО!#REF!=ЦТО!#REF!,ЦТО!$AJ$2,IF(ЦТО!#REF!=ЦТО!#REF!,ЦТО!$AK$2)))))))))) -> #REF! | H120: =IF(ЦТО!#REF!=ЦТО!#REF!,"Душа",IF(ЦТО!#REF!=ЦТО!#REF!,ЦТО!$X$2,IF(ЦТО!#REF!=ЦТО!#REF!,ЦТО!$Y$2,IF(ЦТО!#REF!=ЦТО!#REF!,ЦТО!$AE$2,IF(ЦТО!#REF!=ЦТО!#REF!,ЦТО!$AF$2,IF(ЦТО!#REF!=ЦТО!#REF!,ЦТО!$AG$2,IF(ЦТО!#REF!=ЦТО!#REF!,ЦТО!$AH$2,IF(ЦТО!#REF!=ЦТО!#REF!,ЦТО!$AI$2,IF(ЦТО!#REF!=ЦТО!#REF!,ЦТО!$AJ$2,IF(ЦТО!#REF!=ЦТО!#REF!,ЦТО!$AK$2)))))))))) -> #REF! | I120: =IF(ЦТО!#REF!=ЦТО!#REF!,"Душа",IF(ЦТО!#REF!=ЦТО!#REF!,ЦТО!$X$2,IF(ЦТО!#REF!=ЦТО!#REF!,ЦТО!$Y$2,IF(ЦТО!#REF!=ЦТО!#REF!,ЦТО!$AE$2,IF(ЦТО!#REF!=ЦТО!#REF!,ЦТО!$AF$2,IF(ЦТО!#REF!=ЦТО!#REF!,ЦТО!$AG$2,IF(ЦТО!#REF!=ЦТО!#REF!,ЦТО!$AH$2,IF(ЦТО!#REF!=ЦТО!#REF!,ЦТО!$AI$2,IF(ЦТО!#REF!=ЦТО!#REF!,ЦТО!$AJ$2,IF(ЦТО!#REF!=ЦТО!#REF!,ЦТО!$AK$2)))))))))) -> #REF! | J120: =IF(OR(ЦТО!#REF!=ЦТО!$BK$8,ЦТО!#REF!=ЦТО!$BK$9,ЦТО!#REF!=ЦТО!$BK$10),"Обратить внимание","Отклонений нет") -> #REF! | K120: =IF(OR(ЦТО!#REF!=ЦТО!$BK$8,ЦТО!#REF!=ЦТО!$BK$9,ЦТО!#REF!=ЦТО!$BK$10),"Обратить внимание","Отклонений нет") -> #REF! | L120: =IF(OR(ЦТО!#REF!=ЦТО!$BK$8,ЦТО!#REF!=ЦТО!$BK$9,ЦТО!#REF!=ЦТО!$BK$10),"Обратить внимание","Отклонений нет") -> #REF! | M120: =IF(OR(ЦТО!#REF!=ЦТО!$BK$8,ЦТО!#REF!=ЦТО!$BK$9,ЦТО!#REF!=ЦТО!$BK$10),"Обратить внимание","Отклонений нет") -> #REF! | N120: =IF(OR(ЦТО!#REF!=ЦТО!$BK$8,ЦТО!#REF!=ЦТО!$BK$9,ЦТО!#REF!=ЦТО!$BK$10),"Обратить внимание","Отклонений нет") -> #REF! | O120: =IF(OR(ЦТО!#REF!=ЦТО!$BK$8,ЦТО!#REF!=ЦТО!$BK$9,ЦТО!#REF!=ЦТО!$BK$10),"Обратить внимание","Отклонений нет") -> #REF! | P120: =IF(OR(ЦТО!#REF!=ЦТО!$BK$8,ЦТО!#REF!=ЦТО!$BK$9,ЦТО!#REF!=ЦТО!$BK$10),"Обратить внимание","Отклонений нет") -> #REF! | Q120: =IF(OR(ЦТО!#REF!=ЦТО!$BK$8,ЦТО!#REF!=ЦТО!$BK$9,ЦТО!#REF!=ЦТО!$BK$10),"Обратить внимание","Отклонений нет") -> #REF! | ... X120: =IF(OR(ЦТО!#REF!=ЦТО!$BK$8,ЦТО!#REF!=ЦТО!$BK$9,ЦТО!#REF!=ЦТО!$BK$10),"Обратить внимание","Отклонений нет") -> #REF!

Sheet ИТОГ
B1: ФИО ребенка | C1: класс | D1: Дата | E1: Эмоциональный фон | F1: Вегетативный компонент | G1: Самооценка | H1: Горе | I1: Обида | J1: Ссора | K1: Злоба | L1: Скука | M1: =ЦТО!W2 -> Душа | N1: =ЦТО!X2 -> Школа | O1: =ЦТО!Y2 -> Чтение | P1: =ЦТО!Z2 -> Математика | Q1: =ЦТО!AA2 -> Русский яз | R1: =ЦТО!AB2 -> Английский яз | S1: =ЦТО!AC2 -> Исследование | T1: =ЦТО!AD2 -> Педагог | ... AA1: =ЦТО!AK2 -> Домашнее задание | AB1: Социометрический статус | AC1: Примечание
A3: 1 | B3: =IF(ЦТО!B3="","",ЦТО!B3) -> А | C3: =IF(ЦТО!C3="","",ЦТО!C3) -> 2 а | D3: =IF(ЦТО!D3="","",ЦТО!D3) | E3: =IF($B3="","",'1_обработка CО,ВК,ЭК'!F4) -> положительный | F3: =IF($B3="","",'1_обработка CО,ВК,ЭК'!H4) -> #VALUE! | G3: =IF($B3="","",'1_обработка CО,ВК,ЭК'!I4) -> FALSE | H3: =IF($B3="","",'2-3_обработка'!E3) -> Душа | I3: =IF($B3="","",'2-3_обработка'!F3) -> Душа | J3: =IF($B3="","",'2-3_обработка'!G3) -> Душа | K3: =IF($B3="","",'2-3_обработка'!H3) -> Душа | L3: =IF($B3="","",'2-3_обработка'!I3) -> Душа | M3: =IF($B3="","",'2-3_обработка'!J3) -> Отклонений нет | N3: =IF($B3="","",'2-3_обработка'!K3) -> Отклонений нет | O3: =IF($B3="","",'2-3_обработка'!L3) -> Отклонений нет | ... AA3: =IF($B3="","",'2-3_обработка'!X3) -> Отклонений нет | AB3: пренебрегаемый
A4: 2 | B4: =IF(ЦТО!B4="","",ЦТО!B4) -> Б | C4: =IF(ЦТО!C4="","",ЦТО!C4) -> 2 а | D4: =IF(ЦТО!D4="","",ЦТО!D4) | E4: =IF($B4="","",'1_обработка CО,ВК,ЭК'!F5) -> отрицательный | F4: =IF($B4="","",'1_обработка CО,ВК,ЭК'!H5) -> оптимальная работоспособность | G4: =IF($B4="","",'1_обработка CО,ВК,ЭК'!I5) -> Инфантильная | H4: =IF($B4="","",'2-3_обработка'!E4) -> FALSE | I4: =IF($B4="","",'2-3_обработка'!F4) -> Уроки | J4: =IF($B4="","",'2-3_обработка'!G4) -> Школа | K4: =IF($B4="","",'2-3_обработка'!H4) -> FALSE | L4: =IF($B4="","",'2-3_обработка'!I4) -> Школа | M4: =IF($B4="","",'2-3_обработка'!J4) -> Отклонений нет | N4: =IF($B4="","",'2-3_обработка'!K4) -> Обратить внимание | O4: =IF($B4="","",'2-3_обработка'!L4) -> Отклонений нет | ... AA4: =IF($B4="","",'2-3_обработка'!X4) -> Отклонений нет | AB4: отвергаемый
A5: 3 | B5: =IF(ЦТО!B5="","",ЦТО!B5) -> В | C5: =IF(ЦТО!C5="","",ЦТО!C5) -> 2 а | D5: =IF(ЦТО!D5="","",ЦТО!D5) | E5: =IF($B5="","",'1_обработка CО,ВК,ЭК'!F6) -> отрицательный | F5: =IF($B5="","",'1_обработка CО,ВК,ЭК'!H6) -> усталость | G5: =IF($B5="","",'1_обработка CО,ВК,ЭК'!I6) -> Инфантильная | H5: =IF($B5="","",'2-3_обработка'!E5) -> FALSE | I5: =IF($B5="","",'2-3_обработка'!F5) -> Уроки | J5: =IF($B5="","",'2-3_обработка'!G5) -> Школа | K5: =IF($B5="","",'2-3_обработка'!H5) -> FALSE | L5: =IF($B5="","",'2-3_обработка'!I5) -> Школа | M5: =IF($B5="","",'2-3_обработка'!J5) -> Отклонений нет | N5: =IF($B5="","",'2-3_обработка'!K5) -> Обратить внимание | O5: =IF($B5="","",'2-3_обработка'!L5) -> Отклонений нет | ... AA5: =IF($B5="","",'2-3_обработка'!X5) -> Отклонений нет | AB5: предпочитаемый
A6: 4 | B6: =IF(ЦТО!B6="","",ЦТО!B6) -> Г | C6: =IF(ЦТО!C6="","",ЦТО!C6) -> 2 а | D6: =IF(ЦТО!D6="","",ЦТО!D6) | E6: =IF($B6="","",'1_обработка CО,ВК,ЭК'!F7) -> нормальный | F6: =IF($B6="","",'1_обработка CО,ВК,ЭК'!H7) -> оптимальная работоспособность | G6: =IF($B6="","",'1_обработка CО,ВК,ЭК'!I7) -> Положительная | H6: =IF($B6="","",'2-3_обработка'!E6) -> FALSE | I6: =IF($B6="","",'2-3_обработка'!F6) -> Школа | J6: =IF($B6="","",'2-3_обработка'!G6) -> FALSE | K6: =IF($B6="","",'2-3_обработка'!H6) -> FALSE | L6: =IF($B6="","",'2-3_обработка'!I6) -> FALSE | M6: =IF($B6="","",'2-3_обработка'!J6) -> Отклонений нет | N6: =IF($B6="","",'2-3_обработка'!K6) -> Обратить внимание | O6: =IF($B6="","",'2-3_обработка'!L6) -> Обратить внимание | ... AA6: =IF($B6="","",'2-3_обработка'!X6) -> Отклонений нет | AB6: отвергаемый
A7: 5 | B7: =IF(ЦТО!B7="","",ЦТО!B7) -> Д | C7: =IF(ЦТО!C7="","",ЦТО!C7) -> 2 а | D7: =IF(ЦТО!D7="","",ЦТО!D7) | E7: =IF($B7="","",'1_обработка CО,ВК,ЭК'!F8) -> нормальный | F7: =IF($B7="","",'1_обработка CО,ВК,ЭК'!H8) -> оптимальная работоспособность | G7: =IF($B7="","",'1_обработка CО,ВК,ЭК'!I8) -> Положительная | H7: =IF($B7="","",'2-3_обработка'!E7) -> FALSE | I7: =IF($B7="","",'2-3_обработка'!F7) -> FALSE | J7: =IF($B7="","",'2-3_обработка'!G7) -> FALSE | K7: =IF($B7="","",'2-3_обработка'!H7) -> FALSE | L7: =IF($B7="","",'2-3_обработка'!I7) -> Школа | M7: =IF($B7="","",'2-3_обработка'!J7) -> Отклонений нет | N7: =IF($B7="","",'2-3_обработка'!K7) -> Отклонений нет | O7: =IF($B7="","",'2-3_обработка'!L7) -> Отклонений нет | ... AA7: =IF($B7="","",'2-3_обработка'!X7) -> Отклонений нет | AB7: принятый
A8: 6 | B8: =IF(ЦТО!B8="","",ЦТО!B8) -> Е | C8: =IF(ЦТО!C8="","",ЦТО!C8) -> 2 а | D8: =IF(ЦТО!D8="","",ЦТО!D8) | E8: =IF($B8="","",'1_обработка CО,ВК,ЭК'!F9) -> положительный | F8: =IF($B8="","",'1_обработка CО,ВК,ЭК'!H9) -> #VALUE! | G8: =IF($B8="","",'1_обработка CО,ВК,ЭК'!I9) -> FALSE | H8: =IF($B8="","",'2-3_обработка'!E8) -> Душа | I8: =IF($B8="","",'2-3_обработка'!F8) -> Душа | J8: =IF($B8="","",'2-3_обработка'!G8) -> Душа | K8: =IF($B8="","",'2-3_обработка'!H8) -> Душа | L8: =IF($B8="","",'2-3_обработка'!I8) -> Душа | M8: =IF($B8="","",'2-3_обработка'!J8) -> Отклонений нет | N8: =IF($B8="","",'2-3_обработка'!K8) -> Отклонений нет | O8: =IF($B8="","",'2-3_обработка'!L8) -> Отклонений нет | ... AA8: =IF($B8="","",'2-3_обработка'!X8) -> Отклонений нет | AB8: предпочитаемый
A9: 7 | B9: =IF(ЦТО!B9="","",ЦТО!B9) -> Ж | C9: =IF(ЦТО!C9="","",ЦТО!C9) -> 2 а | D9: =IF(ЦТО!D9="","",ЦТО!D9) | E9: =IF($B9="","",'1_обработка CО,ВК,ЭК'!F10) -> нормальный | F9: =IF($B9="","",'1_обработка CО,ВК,ЭК'!H10) -> оптимальная работоспособность | G9: =IF($B9="","",'1_обработка CО,ВК,ЭК'!I10) -> Инфантильная | H9: =IF($B9="","",'2-3_обработка'!E9) -> FALSE | I9: =IF($B9="","",'2-3_обработка'!F9) -> Уроки | J9: =IF($B9="","",'2-3_обработка'!G9) -> FALSE | K9: =IF($B9="","",'2-3_обработка'!H9) -> FALSE | L9: =IF($B9="","",'2-3_обработка'!I9) -> Уроки | M9: =IF($B9="","",'2-3_обработка'!J9) -> Отклонений нет | N9: =IF($B9="","",'2-3_обработка'!K9) -> Отклонений нет | O9: =IF($B9="","",'2-3_обработка'!L9) -> Отклонений нет | ... AA9: =IF($B9="","",'2-3_обработка'!X9) -> Отклонений нет | AB9: пренебрегаемый
A10: 8 | B10: =IF(ЦТО!B10="","",ЦТО!B10) -> З | C10: =IF(ЦТО!C10="","",ЦТО!C10) -> 2 а | D10: =IF(ЦТО!D10="","",ЦТО!D10) | E10: =IF($B10="","",'1_обработка CО,ВК,ЭК'!F11) -> отрицательный | F10: =IF($B10="","",'1_обработка CО,ВК,ЭК'!H11) -> оптимальная работоспособность | G10: =IF($B10="","",'1_обработка CО,ВК,ЭК'!I11) -> Положительная | H10: =IF($B10="","",'2-3_обработка'!E10) -> FALSE | I10: =IF($B10="","",'2-3_обработка'!F10) -> Чтение | J10: =IF($B10="","",'2-3_обработка'!G10) -> FALSE | K10: =IF($B10="","",'2-3_обработка'!H10) -> FALSE | L10: =IF($B10="","",'2-3_обработка'!I10) -> FALSE | M10: =IF($B10="","",'2-3_обработка'!J10) -> Отклонений нет | N10: =IF($B10="","",'2-3_обработка'!K10) -> Отклонений нет | O10: =IF($B10="","",'2-3_обработка'!L10) -> Отклонений нет | ... AA10: =IF($B10="","",'2-3_обработка'!X10) -> Отклонений нет | AB10: пренебрегаемый
A11: 9 | B11: =IF(ЦТО!B11="","",ЦТО!B11) -> И | C11: =IF(ЦТО!C11="","",ЦТО!C11) -> 2 а | D11: =IF(ЦТО!D11="","",ЦТО!D11) | E11: =IF($B11="","",'1_обработка CО,ВК,ЭК'!F12) -> нормальный | F11: =IF($B11="","",'1_обработка CО,ВК,ЭК'!H12) -> оптимальная работоспособность | G11: =IF($B11="","",'1_обработка CО,ВК,ЭК'!I12) -> Положительная | H11: =IF($B11="","",'2-3_обработка'!E11) -> FALSE | I11: =IF($B11="","",'2-3_обработка'!F11) -> FALSE | J11: =IF($B11="","",'2-3_обработка'!G11) -> FALSE | K11: =IF($B11="","",'2-3_обработка'!H11) -> FALSE | L11: =IF($B11="","",'2-3_обработка'!I11) -> FALSE | M11: =IF($B11="","",'2-3_обработка'!J11) -> Отклонений нет | N11: =IF($B11="","",'2-3_обработка'!K11) -> Отклонений нет | O11: =IF($B11="","",'2-3_обработка'!L11) -> Отклонений нет | ... AA11: =IF($B11="","",'2-3_обработка'!X11) -> Отклонений нет | AB11: предпочитаемый
A12: 10 | B12: =IF(ЦТО!B12="","",ЦТО!B12) -> К | C12: =IF(ЦТО!C12="","",ЦТО!C12) -> 2 а | D12: =IF(ЦТО!D12="","",ЦТО!D12) | E12: =IF($B12="","",'1_обработка CО,ВК,ЭК'!F13) -> нормальный | F12: =IF($B12="","",'1_обработка CО,ВК,ЭК'!H13) -> усталость | G12: =IF($B12="","",'1_обработка CО,ВК,ЭК'!I13) -> Положительная | H12: =IF($B12="","",'2-3_обработка'!E12) -> FALSE | I12: =IF($B12="","",'2-3_обработка'!F12) -> Школа | J12: =IF($B12="","",'2-3_обработка'!G12) -> Школа | K12: =IF($B12="","",'2-3_обработка'!H12) -> Школа | L12: =IF($B12="","",'2-3_обработка'!I12) -> Чтение | M12: =IF($B12="","",'2-3_обработка'!J12) -> Отклонений нет | N12: =IF($B12="","",'2-3_обработка'!K12) -> Обратить внимание | O12: =IF($B12="","",'2-3_обработка'!L12) -> Отклонений нет | ... AA12: =IF($B12="","",'2-3_обработка'!X12) -> Отклонений нет | AB12: принятый
A13: 11 | B13: =IF(ЦТО!B13="","",ЦТО!B13) -> Л | C13: =IF(ЦТО!C13="","",ЦТО!C13) -> 2 а | D13: =IF(ЦТО!D13="","",ЦТО!D13) | E13: =IF($B13="","",'1_обработка CО,ВК,ЭК'!F14) -> отрицательный | F13: =IF($B13="","",'1_обработка CО,ВК,ЭК'!H14) -> усталость | G13: =IF($B13="","",'1_обработка CО,ВК,ЭК'!I14) -> Положительная | H13: =IF($B13="","",'2-3_обработка'!E13) -> Школа | I13: =IF($B13="","",'2-3_обработка'!F13) -> FALSE | J13: =IF($B13="","",'2-3_обработка'!G13) -> FALSE | K13: =IF($B13="","",'2-3_обработка'!H13) -> Уроки | L13: =IF($B13="","",'2-3_обработка'!I13) -> FALSE | M13: =IF($B13="","",'2-3_обработка'!J13) -> Отклонений нет | N13: =IF($B13="","",'2-3_обработка'!K13) -> Обратить внимание | O13: =IF($B13="","",'2-3_обработка'!L13) -> Отклонений нет | ... AA13: =IF($B13="","",'2-3_обработка'!X13) -> Отклонений нет | AB13: звезда
A14: 12 | B14: =IF(ЦТО!B14="","",ЦТО!B14) -> М | C14: =IF(ЦТО!C14="","",ЦТО!C14) -> 2 а | D14: =IF(ЦТО!D14="","",ЦТО!D14) | E14: =IF($B14="","",'1_обработка CО,ВК,ЭК'!F15) -> отрицательный | F14: =IF($B14="","",'1_обработка CО,ВК,ЭК'!H15) -> оптимальная работоспособность | G14: =IF($B14="","",'1_обработка CО,ВК,ЭК'!I15) -> Отрицательная | H14: =IF($B14="","",'2-3_обработка'!E14) -> FALSE | I14: =IF($B14="","",'2-3_обработка'!F14) -> FALSE | J14: =IF($B14="","",'2-3_обработка'!G14) -> FALSE | K14: =IF($B14="","",'2-3_обработка'!H14) -> Чтение | L14: =IF($B14="","",'2-3_обработка'!I14) -> FALSE | M14: =IF($B14="","",'2-3_обработка'!J14) -> Отклонений нет | N14: =IF($B14="","",'2-3_обработка'!K14) -> Обратить внимание | O14: =IF($B14="","",'2-3_обработка'!L14) -> Отклонений нет | ... AA14: =IF($B14="","",'2-3_обработка'!X14) -> Отклонений нет | AB14: отвергаемый
... A23: 21 | B23: =IF(ЦТО!B23="","",ЦТО!B23) -> Х | C23: =IF(ЦТО!C23="","",ЦТО!C23) -> 2 в | D23: =IF(ЦТО!D23="","",ЦТО!D23) | E23: =IF($B23="","",'1_обработка CО,ВК,ЭК'!F24) -> отрицательный | F23: =IF($B23="","",'1_обработка CО,ВК,ЭК'!H24) -> усталость | G23: =IF($B23="","",'1_обработка CО,ВК,ЭК'!I24) -> Отрицательная | H23: =IF($B23="","",'2-3_обработка'!E23) -> Чтение | I23: =IF($B23="","",'2-3_обработка'!F23) -> FALSE | J23: =IF($B23="","",'2-3_обработка'!G23) -> FALSE | K23: =IF($B23="","",'2-3_обработка'!H23) -> FALSE | L23: =IF($B23="","",'2-3_обработка'!I23) -> Чтение | M23: =IF($B23="","",'2-3_обработка'!J23) -> Отклонений нет | N23: =IF($B23="","",'2-3_обработка'!K23) -> Отклонений нет | O23: =IF($B23="","",'2-3_обработка'!L23) -> Отклонений нет | ... AA23: =IF($B23="","",'2-3_обработка'!X23) -> Отклонений нет | AB23: принятый
A24: 22 | B24: =IF(ЦТО!B24="","",ЦТО!B24) -> Ц | C24: =IF(ЦТО!C24="","",ЦТО!C24) -> 2 в | D24: =IF(ЦТО!D24="","",ЦТО!D24) | E24: =IF($B24="","",'1_обработка CО,ВК,ЭК'!F25) -> отрицательный | F24: =IF($B24="","",'1_обработка CО,ВК,ЭК'!H25) -> оптимальная работоспособность | G24: =IF($B24="","",'1_обработка CО,ВК,ЭК'!I25) -> Положительная | H24: =IF($B24="","",'2-3_обработка'!E24) -> FALSE | I24: =IF($B24="","",'2-3_обработка'!F24) -> FALSE | J24: =IF($B24="","",'2-3_обработка'!G24) -> FALSE | K24: =IF($B24="","",'2-3_обработка'!H24) -> Школа | L24: =IF($B24="","",'2-3_обработка'!I24) -> FALSE | M24: =IF($B24="","",'2-3_обработка'!J24) -> Отклонений нет | N24: =IF($B24="","",'2-3_обработка'!K24) -> Отклонений нет | O24: =IF($B24="","",'2-3_обработка'!L24) -> Обратить внимание | ... AA24: =IF($B24="","",'2-3_обработка'!X24) -> Отклонений нет
A25: 23 | B25: =IF(ЦТО!B25="","",ЦТО!B25) -> Ч | C25: =IF(ЦТО!C25="","",ЦТО!C25) -> 2 в | D25: =IF(ЦТО!D25="","",ЦТО!D25) | E25: =IF($B25="","",'1_обработка CО,ВК,ЭК'!F26) -> нормальный | F25: =IF($B25="","",'1_обработка CО,ВК,ЭК'!H26) -> усталость | G25: =IF($B25="","",'1_обработка CО,ВК,ЭК'!I26) -> Положительная | H25: =IF($B25="","",'2-3_обработка'!E25) -> Школа | I25: =IF($B25="","",'2-3_обработка'!F25) -> FALSE | J25: =IF($B25="","",'2-3_обработка'!G25) -> FALSE | K25: =IF($B25="","",'2-3_обработка'!H25) -> Уроки | L25: =IF($B25="","",'2-3_обработка'!I25) -> FALSE | M25: =IF($B25="","",'2-3_обработка'!J25) -> Отклонений нет | N25: =IF($B25="","",'2-3_обработка'!K25) -> Отклонений нет | O25: =IF($B25="","",'2-3_обработка'!L25) -> Обратить внимание | ... AA25: =IF($B25="","",'2-3_обработка'!X25) -> Отклонений нет
A26: 24 | B26: =IF(ЦТО!B26="","",ЦТО!B26) -> Ш | C26: =IF(ЦТО!C26="","",ЦТО!C26) -> 2 в | D26: =IF(ЦТО!D26="","",ЦТО!D26) | E26: =IF($B26="","",'1_обработка CО,ВК,ЭК'!F27) -> нормальный | F26: =IF($B26="","",'1_обработка CО,ВК,ЭК'!H27) -> оптимальная работоспособность | G26: =IF($B26="","",'1_обработка CО,ВК,ЭК'!I27) -> Положительная | H26: =IF($B26="","",'2-3_обработка'!E26) -> Школа | I26: =IF($B26="","",'2-3_обработка'!F26) -> FALSE | J26: =IF($B26="","",'2-3_обработка'!G26) -> Чтение | K26: =IF($B26="","",'2-3_обработка'!H26) -> FALSE | L26: =IF($B26="","",'2-3_обработка'!I26) -> FALSE | M26: =IF($B26="","",'2-3_обработка'!J26) -> Отклонений нет | N26: =IF($B26="","",'2-3_обработка'!K26) -> Обратить внимание | O26: =IF($B26="","",'2-3_обработка'!L26) -> Отклонений нет | ... AA26: =IF($B26="","",'2-3_обработка'!X26) -> Отклонений нет | AB26: пренебрегаемый
A27: 25 | B27: =IF(ЦТО!B27="","",ЦТО!B27) -> Щ | C27: =IF(ЦТО!C27="","",ЦТО!C27) -> 2 в | D27: =IF(ЦТО!D27="","",ЦТО!D27) | E27: =IF($B27="","",'1_обработка CО,ВК,ЭК'!F28) -> положительный | F27: =IF($B27="","",'1_обработка CО,ВК,ЭК'!H28) -> #VALUE! | G27: =IF($B27="","",'1_обработка CО,ВК,ЭК'!I28) -> FALSE | H27: =IF($B27="","",'2-3_обработка'!E27) -> Душа | I27: =IF($B27="","",'2-3_обработка'!F27) -> Душа | J27: =IF($B27="","",'2-3_обработка'!G27) -> Душа | K27: =IF($B27="","",'2-3_обработка'!H27) -> Душа | L27: =IF($B27="","",'2-3_обработка'!I27) -> Душа | M27: =IF($B27="","",'2-3_обработка'!J27) -> Отклонений нет | N27: =IF($B27="","",'2-3_обработка'!K27) -> Отклонений нет | O27: =IF($B27="","",'2-3_обработка'!L27) -> Отклонений нет | ... AA27: =IF($B27="","",'2-3_обработка'!X27) -> Отклонений нет | AB27: принятый
A28: 27 | B28: =IF(ЦТО!#REF!="","",ЦТО!#REF!) -> #REF! | C28: =IF(ЦТО!#REF!="","",ЦТО!#REF!) -> #REF! | D28: =IF(ЦТО!#REF!="","",ЦТО!#REF!) -> #REF! | E28: =IF($B28="","",'1_обработка CО,ВК,ЭК'!F30) -> #REF! | F28: =IF($B28="","",'1_обработка CО,ВК,ЭК'!H29) -> #REF! | G28: =IF($B28="","",'1_обработка CО,ВК,ЭК'!I29) -> #REF! | H28: =IF($B28="","",'2-3_обработка'!E28) -> #REF! | I28: =IF($B28="","",'2-3_обработка'!F28) -> #REF! | J28: =IF($B28="","",'2-3_обработка'!G28) -> #REF! | K28: =IF($B28="","",'2-3_обработка'!H28) -> #REF! | L28: =IF($B28="","",'2-3_обработка'!I28) -> #REF! | M28: =IF($B28="","",'2-3_обработка'!J28) -> #REF! | N28: =IF($B28="","",'2-3_обработка'!K28) -> #REF! | O28: =IF($B28="","",'2-3_обработка'!L28) -> #REF! | ... AA28: =IF($B28="","",'2-3_обработка'!X28) -> #REF! | AB28: принятый
